Div,Date,Time,HomeTeam,AwayTeam,FTHG,FTAG,FTR,HTHG,HTAG,HTR,Referee,HS,AS,HST,AST,HF,AF,HC,AC,HY,AY,HR,AR,B365H,B365D,B365A,BWH,BWD,BWA,BFH,BFD,BFA,PSH,PSD,PSA,WHH,WHD,WHA,1XBH,1XBD,1XBA,MaxH,MaxD,MaxA,AvgH,AvgD,AvgA,BFEH,BFED,BFEA,B365>2.5,B365<2.5,P>2.5,P<2.5,Max>2.5,Max<2.5,Avg>2.5,Avg<2.5,BFE>2.5,BFE<2.5,AHh,B365AHH,B365AHA,PAHH,PAHA,MaxAHH,MaxAHA,AvgAHH,AvgAHA,BFEAHH,BFEAHA,B365CH,B365CD,B365CA,BWCH,BWCD,BWCA,BFCH,BFCD,BFCA,PSCH,PSCD,PSCA,WHCH,WHCD,WHCA,1XBCH,1XBCD,1XBCA,MaxCH,MaxCD,MaxCA,AvgCH,AvgCD,AvgCA,BFECH,BFECD,BFECA,B365C>2.5,B365C<2.5,PC>2.5,PC<2.5,MaxC>2.5,MaxC<2.5,AvgC>2.5,AvgC<2.5,BFEC>2.5,BFEC<2.5,AHCh,B365CAHH,B365CAHA,PCAHH,PCAHA,MaxCAHH,MaxCAHA,AvgCAHH,AvgCAHA,BFECAHH,BFECAHA
SC1,02/08/2024,19:45,Falkirk,Queens Park,2,1,H,1,0,H,I Snedden,10,8,4,4,9,3,17,15,2,1,0,0,1.73,3.9,3.5,1.8,3.6,3.75,1.75,3.8,4.33,1.79,3.77,4.34,1.75,3.7,3.9,1.77,3.74,4.06,1.82,4,4.34,1.78,3.71,3.98,1.8,4,4.5,1.67,2.15,1.75,2.1,1.75,2.15,1.71,2.06,1.76,2.2,-0.75,2.03,1.83,2.04,1.83,2.09,1.83,2,1.78,1.98,1.87,1.65,4,3.8,1.68,3.8,4.2,1.7,3.9,4.5,1.69,3.96,4.73,1.65,3.8,4.33,1.76,4.32,4.25,1.76,4.32,4.73,1.69,3.88,4.32,1.71,4.4,5,1.67,2.15,1.68,2.2,1.7,2.2,1.67,2.14,1.69,2.38,-0.75,1.9,1.95,1.89,1.96,1.93,2,1.87,1.91,1.88,2.06
SC1,03/08/2024,15:00,Airdrie Utd,Raith Rvs,1,0,H,0,0,D,R Hardie,12,4,2,1,14,10,7,3,2,3,0,0,2.5,3.2,2.55,2.45,3.2,2.5,2.63,3.3,2.63,2.56,3.21,2.76,2.5,3.2,2.6,2.54,3.18,2.65,2.65,3.3,2.76,2.55,3.18,2.64,2.64,3.3,2.88,2.08,1.73,2.17,1.68,2.17,1.73,2.11,1.68,2.1,1.73,0,1.88,1.98,1.84,1.98,1.91,1.98,1.86,1.92,1.84,2.06,2.35,3.1,2.7,2.3,3,2.75,2.4,3.1,3,2.54,3.19,2.92,2.45,3,3,2.48,3.34,3.01,2.54,3.34,3.01,2.44,3.09,2.87,2.6,3.2,3.1,2.25,1.62,2.37,1.6,2.44,1.62,2.31,1.57,2.36,1.69,-0.25,2.08,1.73,2.17,1.72,2.17,1.8,2.08,1.72,2.21,1.76
SC1,03/08/2024,15:00,Hamilton,Ayr,0,2,A,0,1,A,L Wilson,9,13,3,6,16,9,6,5,2,1,1,0,2.75,3.5,2.15,2.75,3.4,2.15,3,3.6,2.15,3.04,3.56,2.19,3,3.4,2,3.04,3.46,2.17,3.04,3.65,2.24,2.95,3.48,2.16,3.15,3.55,2.24,1.73,2.08,1.77,2.02,1.79,2.17,1.74,2,1.75,2,0.25,1.9,1.95,1.89,1.92,1.92,1.95,1.86,1.88,1.98,1.93,2.88,3.5,2.1,2.95,3.4,2.05,3.1,3.6,2.1,3.2,3.48,2.22,3.1,3.5,2.15,3.08,3.75,2.25,3.2,3.75,2.25,3.06,3.45,2.15,3.3,3.6,2.28,1.7,2.1,1.74,2.12,1.89,2.14,1.75,2.03,1.85,2.16,0.25,1.93,1.93,1.92,1.93,1.96,1.96,1.9,1.89,1.98,1.98
SC1,03/08/2024,15:00,Livingston,Dunfermline,2,0,H,0,0,D,C Napier,15,11,5,5,14,9,2,3,1,0,0,0,2,3.2,3.25,1.98,3.2,3.25,2.1,3.3,3.4,1.97,3.35,3.8,1.95,3.3,3.5,1.98,3.35,3.64,2.1,3.4,3.8,1.99,3.31,3.56,1.94,3.5,3.95,2.1,1.7,2.1,1.72,2.12,1.73,2.07,1.7,2.04,1.76,-0.5,2.05,1.75,1.99,1.83,2.05,1.83,1.97,1.78,1.94,1.94,1.75,3.3,4,1.77,3.25,4,1.8,3.5,4.33,1.85,3.31,4.74,1.8,3.3,4.6,1.9,3.58,4.34,1.9,3.58,4.74,1.81,3.33,4.35,1.88,3.45,4.9,2.2,1.65,2.19,1.69,2.34,1.7,2.15,1.66,2.3,1.69,-0.5,1.83,2.03,1.86,2,1.86,2.06,1.8,1.98,1.88,2.11
SC1,03/08/2024,15:00,Partick,Morton,0,0,D,0,0,D,C Steven,6,8,3,2,14,7,8,5,2,1,0,0,1.8,3.6,3.7,1.8,3.4,3.6,1.85,3.75,3.9,1.81,3.59,4.18,1.8,3.6,3.8,1.8,3.68,3.99,1.87,3.75,4.2,1.81,3.59,3.88,1.87,3.8,4,1.8,2,1.78,2,1.8,2.06,1.75,1.99,1.79,2.02,-0.5,1.85,2,1.83,2,1.86,2,1.82,1.94,1.87,2.06,1.75,3.7,3.7,1.75,3.5,3.7,1.8,3.8,4,1.85,3.71,4.14,1.83,3.6,4,1.88,3.97,3.97,1.88,3.97,4.2,1.81,3.67,3.93,1.84,4,4.4,1.7,2.1,1.74,2.12,1.8,2.2,1.71,2.07,1.79,2.16,-0.5,1.85,2,1.85,2,1.87,2.02,1.81,1.95,1.84,2.12
SC1,09/08/2024,19:45,Ayr,Airdrie Utd,5,0,H,2,0,H,C Scott,23,5,13,1,12,13,4,5,1,3,0,0,2.15,3.3,3.25,2.05,3.3,2.95,2.2,3.3,3.1,2.21,3.32,3.38,2.2,3.25,3.2,2.12,3.38,3.22,2.21,3.45,3.38,2.15,3.27,3.22,2.24,3.45,3.4,1.98,1.88,1.95,1.88,1.98,1.88,1.9,1.83,1.95,2,-0.25,1.9,1.95,1.9,1.95,1.9,1.99,1.85,1.91,1.94,2.01,2.05,3.3,3.3,2,3.3,3.1,2,3.4,3.6,2.06,3.5,3.56,2.1,3.3,3.4,2.17,3.49,3.49,2.18,3.5,3.6,2.05,3.39,3.38,2.1,3.65,3.85,1.85,2,1.84,2,2.06,2,1.85,1.9,1.86,2.08,-0.25,1.83,2.03,1.79,2.07,1.89,2.07,1.8,1.99,1.81,2.17
SC1,09/08/2024,19:45,Queens Park,Livingston,1,1,D,1,0,H,G Grainger,13,15,4,5,10,9,5,10,0,3,0,0,2.5,3.4,2.5,2.4,3.2,2.5,2.63,3.4,2.5,2.64,3.41,2.66,2.6,3.25,2.6,2.57,3.32,2.53,2.64,3.41,2.66,2.56,3.31,2.56,2.66,3.45,2.76,1.98,1.88,1.96,1.88,1.98,1.89,1.91,1.83,1.95,1.93,0,1.95,1.9,1.92,1.93,1.98,1.93,1.91,1.89,1.9,1.97,2.55,3.4,2.45,2.5,3.2,2.4,2.7,3.2,2.5,2.76,3.45,2.51,2.7,3.25,2.5,2.7,3.59,2.59,2.77,3.59,2.6,2.65,3.33,2.48,2.94,3.45,2.62,1.95,1.9,1.95,1.88,2.06,1.91,1.91,1.84,1.98,1.94,0,2,1.85,2.02,1.84,2.02,1.88,1.97,1.84,2.11,1.86
SC1,10/08/2024,15:00,Dunfermline,Falkirk,0,2,A,0,1,A,M MacDermid,8,8,2,4,9,10,4,5,1,1,0,0,3.7,3.6,1.85,3.5,3.5,1.82,3.9,3.6,1.91,3.75,3.69,1.88,4,3.5,1.85,3.73,3.62,1.87,4,3.73,2,3.69,3.59,1.87,3.9,3.7,1.97,1.83,2.03,1.82,1.99,1.87,2.03,1.79,1.94,,,0.5,1.93,1.93,1.92,1.9,1.93,1.98,1.87,1.88,2,1.97,3.75,3.6,1.8,3.5,3.5,1.82,4,3.4,1.8,4.09,3.79,1.84,4,3.6,1.83,3.98,3.82,1.91,4.09,3.82,1.91,3.82,3.64,1.83,4.4,3.75,1.94,1.8,2,1.78,2.07,1.97,2.07,1.78,1.98,1.88,2.08,0.5,2,1.85,2.01,1.85,2.02,1.87,1.93,1.83,2.04,1.94
SC1,10/08/2024,15:00,Morton,Hamilton,0,0,D,0,0,D,D McFarlane,9,7,3,1,11,12,4,3,1,3,0,0,2.15,3.3,3,2.1,3.25,2.9,2.1,3.3,3.3,2.17,3.48,3.14,2.2,3.2,3.25,2.15,3.35,3.17,2.21,3.53,3.3,2.15,3.37,3.1,2.18,3.2,3.25,2,1.85,1.96,1.84,2.02,1.85,1.93,1.8,,,-0.25,1.95,1.9,1.9,1.92,1.95,1.92,1.87,1.88,1.9,1.86,2.15,3.25,3,2.05,3.3,3,2.2,3.1,3,2.25,3.44,3.19,2.2,3.2,3.25,2.3,3.47,3.2,2.3,3.47,3.25,2.17,3.33,3.1,2.38,3.4,3.25,2.03,1.83,1.99,1.85,2.1,1.85,1.96,1.79,2.04,1.9,-0.25,1.93,1.93,1.94,1.91,1.97,1.94,1.89,1.89,2.03,1.91
SC1,10/08/2024,15:00,Raith Rvs,Partick,1,0,H,1,0,H,P Stuart,6,10,2,6,12,14,2,6,4,2,0,1,2.15,3.2,3.1,2.05,3.2,3,2.2,3.3,3.2,2.22,3.35,3.14,2.2,3.2,3.25,2.2,3.26,3.15,2.23,3.4,3.4,2.16,3.28,3.13,2.4,3.3,3.1,1.98,1.88,1.93,1.88,1.98,1.88,1.9,1.84,1.87,1.96,-0.25,1.95,1.9,1.93,1.88,1.96,1.98,1.88,1.88,2.07,1.86,2.2,3.2,3,2.15,3.2,2.9,2.15,3.25,3,2.36,3.34,3.06,2.25,3.2,3.1,2.34,3.4,3.18,2.36,3.4,3.2,2.25,3.24,3.03,2.36,3.55,3.25,1.98,1.88,1.95,1.88,2.06,1.88,1.92,1.83,1.96,2,-0.25,2,1.85,2.04,1.83,2.04,1.88,1.95,1.83,2.03,1.92
SC1,17/08/2024,15:00,Ayr,Hamilton,3,2,H,1,2,A,G Duncan,14,8,6,5,14,12,2,4,3,3,0,0,1.6,3.8,5,1.61,3.9,4.6,1.62,4,5,1.57,4.31,4.86,1.62,3.8,5,1.59,4.05,4.96,1.62,4.4,5,1.59,4.04,4.84,1.62,4.3,5.4,1.67,2.15,1.66,2.2,1.68,2.2,1.65,2.15,1.66,2.22,-1,2.05,1.8,2.01,1.82,2.05,1.82,1.98,1.78,1.99,1.96,1.55,3.9,5.25,1.55,4,4.8,1.47,4.2,5,1.56,4.41,5.32,1.57,3.9,5.5,1.63,4.11,5.53,1.63,4.6,5.53,1.55,4.13,5.13,1.59,4.6,5.9,1.65,2.2,1.63,2.31,1.75,2.31,1.64,2.18,1.67,2.34,-1,2,1.85,1.93,1.91,2.02,1.91,1.93,1.84,1.94,1.95
SC1,24/08/2024,15:00,Airdrie Utd,Queens Park,0,2,A,0,2,A,C Napier,11,2,2,4,14,12,6,1,3,2,0,1,2.25,3.25,3.2,2.15,3.2,2.9,2.2,3.3,3.2,2.28,3.19,3.18,2.25,3.2,3.1,2.2,3.36,3.06,2.3,3.36,3.2,2.23,3.22,3.09,2.38,3.3,3.15,1.93,1.93,1.88,1.93,1.93,1.93,1.88,1.86,,,-0.25,1.98,1.88,1.97,1.85,1.98,1.89,1.92,1.85,2.03,1.83,2.3,3.25,3.1,2.2,3.3,2.7,2.25,3.3,3,2.48,3.32,2.9,2.25,3.25,3.1,2.37,3.34,3.18,2.48,3.45,3.18,2.33,3.25,2.91,2.52,3.4,3.15,1.85,1.95,1.83,2.02,1.97,2.02,1.83,1.91,1.87,2.04,-0.25,2.05,1.8,2.13,1.75,2.13,1.85,2.01,1.78,2.15,1.85
SC1,24/08/2024,15:00,Ayr,Raith Rvs,2,0,H,1,0,H,I Snedden,13,4,4,1,9,10,3,5,1,3,0,1,1.91,3.4,4.1,1.85,3.25,3.6,1.91,3.5,4,1.87,3.31,4.3,1.91,3.3,4,1.83,3.54,4.01,1.95,3.54,4.3,1.89,3.38,3.91,1.91,3.35,4.8,1.98,1.88,1.95,1.85,1.98,1.88,1.91,1.83,1.95,1.85,-0.5,1.93,1.93,1.88,1.93,1.93,1.95,1.89,1.88,1.91,2.01,1.73,3.7,4.75,1.68,3.6,4,1.75,3.7,4.1,1.83,3.67,4.3,1.8,3.6,4.33,1.75,3.86,4.88,1.83,3.86,4.88,1.75,3.66,4.28,1.78,4,4.8,1.75,2.05,1.73,2.13,1.89,2.13,1.75,2.01,1.75,2.2,-0.75,1.98,1.88,2.08,1.78,2.08,1.92,1.95,1.84,1.99,1.92
SC1,24/08/2024,15:00,Falkirk,Partick,2,1,H,0,0,D,L Wilson,21,7,7,3,9,9,13,0,2,3,0,1,1.73,3.8,4.5,1.71,3.6,3.9,1.75,3.8,4.33,1.76,3.93,4.02,1.8,3.5,4.2,1.77,3.75,4.05,1.8,3.93,4.5,1.76,3.77,4.02,1.81,3.9,4.2,1.7,2.1,1.71,2.11,1.73,2.11,1.7,2.07,1.69,2.1,-0.75,2,1.85,2.01,1.82,2.01,1.85,1.97,1.8,2.01,1.91,1.75,3.7,4.75,1.71,3.6,3.9,1.73,3.7,4.4,1.72,3.96,4.5,1.8,3.5,4.33,1.78,3.76,4.82,1.8,3.96,4.82,1.73,3.74,4.31,1.79,3.95,4.9,1.83,2.03,1.83,2.01,1.97,2.07,1.77,1.98,1.89,2.04,-0.75,1.98,1.88,1.95,1.9,2.02,1.9,1.94,1.84,2.01,1.9
SC1,24/08/2024,15:00,Hamilton,Dunfermline,1,0,H,1,0,H,C Scott,5,5,2,1,20,6,5,3,2,2,0,0,2.25,3.5,3.1,2.15,3.25,2.87,2.15,3.4,3.2,2.15,3.44,3.21,2.2,3.3,3.1,2.15,3.44,3.1,2.25,3.5,3.21,2.17,3.38,3.05,2.22,3.5,3.05,1.85,2,1.85,1.95,1.9,2,1.83,1.91,1.9,1.99,-0.25,1.93,1.93,1.88,1.94,1.98,1.94,1.89,1.88,1.93,1.88,2.15,3.4,3.3,2.05,3.25,3,2.1,3.2,3.5,2.15,3.36,3.47,2.2,3.25,3.25,2.21,3.49,3.38,2.21,3.49,3.5,2.13,3.28,3.28,2.22,3.4,3.6,2,1.85,1.98,1.85,2.1,1.88,1.96,1.8,2.06,1.85,-0.25,1.88,1.98,1.86,2,1.91,2,1.85,1.93,1.9,2.06
SC1,24/08/2024,15:00,Livingston,Morton,1,1,D,0,0,D,E Anderson,14,2,6,2,13,11,7,1,2,3,0,0,1.8,3.4,4.5,1.72,3.3,4.1,1.8,3.5,4.33,1.8,3.51,4.36,1.8,3.4,4.4,1.8,3.5,4.21,1.83,3.51,4.5,1.79,3.43,4.24,1.83,3.3,4.5,2.05,1.8,2.03,1.76,2.05,1.81,2,1.75,2.04,1.77,-0.5,1.8,2.05,1.81,2.02,1.81,2.05,1.78,1.99,1.83,2.03,1.75,3.5,4.75,1.77,3.3,4,1.73,3.5,4.6,1.74,3.71,4.78,1.8,3.4,4.5,1.81,3.61,4.89,1.81,3.71,4.89,1.75,3.5,4.5,1.81,3.75,5.1,2.05,1.8,2.03,1.81,2.21,1.81,2,1.75,2.06,1.85,-0.75,2.03,1.83,1.98,1.87,2.08,1.87,1.99,1.81,2.04,1.88
SC1,31/08/2024,15:00,Dunfermline,Ayr,1,1,D,1,1,D,R Hardie,5,9,5,5,13,13,2,5,2,3,0,0,4.2,3.5,1.85,3.75,3.3,1.8,4,3.4,1.9,4.17,3.68,1.83,3.8,3.5,1.91,4.05,3.64,1.8,4.2,3.68,1.91,3.96,3.51,1.84,3.85,3.5,1.71,1.85,2,1.86,1.96,1.86,2,1.82,1.92,1.6,1.66,0.5,2,1.85,2.01,1.83,2.02,1.88,1.94,1.82,2.11,1.72,3.9,3.25,2,3.5,3.1,1.95,3.9,3.4,1.91,3.76,3.34,2.06,3.75,3.2,2,4.13,3.36,2.02,4.13,3.4,2.06,3.72,3.24,1.99,4,3.5,2.06,2.05,1.75,2.03,1.82,2.21,1.82,2.01,1.75,2.06,1.84,0.5,1.8,2.05,1.8,2.07,1.84,2.07,1.77,1.99,1.87,2.06
SC1,31/08/2024,15:00,Hamilton,Airdrie Utd,2,2,D,0,0,D,G Irvine,11,13,6,4,9,8,6,3,1,2,0,0,2.25,3.4,3.1,2.15,3.4,2.75,2.25,3.4,3,2.28,3.56,2.98,2.3,3.25,3,2.24,3.48,2.9,2.3,3.65,3.1,2.24,3.43,2.91,1.9,1.1,2.96,1.83,2.03,1.72,2.08,1.87,2.08,1.76,2.01,1.39,1.68,-0.25,1.98,1.88,1.99,1.85,1.99,1.89,1.94,1.83,1.77,1.99,2.15,3.4,3.25,2.1,3.4,2.8,2.2,3.4,3,2.12,3.57,3.35,2.2,3.4,3.1,2.26,3.59,3.18,2.26,3.65,3.35,2.16,3.41,3.1,2.22,3.6,3.35,1.88,1.98,1.83,2.02,2.06,2.02,1.84,1.91,1.87,2.04,-0.25,1.9,1.95,1.85,2.01,1.97,2.01,1.88,1.9,1.91,1.98
SC1,31/08/2024,15:00,Morton,Falkirk,2,3,A,2,2,D,G Grainger,11,10,4,6,13,18,2,9,4,3,0,0,3.8,3.7,1.85,3.6,3.3,1.83,4,3.5,1.85,4.26,3.59,1.83,4,3.5,1.85,3.99,3.56,1.83,4.3,3.7,1.87,3.98,3.5,1.83,3.4,3.65,1.84,1.93,1.93,1.92,1.9,1.93,1.93,1.89,1.86,1.61,1.59,0.5,1.98,1.88,2,1.84,2,1.88,1.93,1.83,2.07,1.81,4.33,3.5,1.8,4.1,3.2,1.77,4.6,3.4,1.75,4.8,3.46,1.8,4.4,3.3,1.83,4.48,3.62,1.86,4.8,3.62,1.87,4.36,3.36,1.81,5,3.7,1.84,2.2,1.65,2.21,1.68,2.34,1.68,2.2,1.63,2.26,1.73,0.5,2.05,1.8,2.06,1.81,2.06,1.84,1.97,1.79,2.14,1.85
SC1,31/08/2024,15:00,Partick,Queens Park,3,0,H,1,0,H,S Kirkland,10,4,5,2,13,6,6,5,1,1,0,0,2.25,3.5,3,2.15,3.25,2.85,2.2,3.4,3,2.26,3.61,2.97,2.25,3.4,3,2.21,3.52,2.93,2.27,3.65,3,2.22,3.48,2.91,1.43,1.82,2.5,1.73,2.08,1.72,2.1,1.73,2.1,1.71,2.06,1.04,1.34,-0.25,2,1.85,1.98,1.85,2,1.85,1.93,1.83,1.59,1.84,2.25,3.5,3,2.2,3.3,2.75,2.2,3.4,3,2.15,3.73,3.14,2.2,3.4,3.1,2.31,3.59,3.08,2.31,3.73,3.14,2.17,3.5,2.99,2.24,3.7,3.3,1.7,2.1,1.68,2.2,1.8,2.2,1.69,2.09,1.75,2.22,-0.25,1.95,1.9,1.89,1.96,1.97,1.96,1.91,1.87,1.95,1.99
SC1,31/08/2024,15:00,Raith Rvs,Livingston,0,1,A,0,0,D,C Steven,10,5,3,3,14,18,2,0,4,3,0,0,2.55,3.4,2.7,2.4,3.2,2.5,2.63,3.2,2.55,2.69,3.04,2.83,2.6,3.1,2.7,2.54,3.26,2.6,2.69,3.4,2.83,2.57,3.14,2.67,1.05,1.06,2.7,2.05,1.8,2.06,1.75,2.06,1.87,2,1.76,1.99,1.61,0,1.9,1.95,1.87,1.97,1.92,1.97,1.86,1.93,1.67,1.58,3,3.4,2.3,2.8,3.1,2.25,3,3.1,2.4,3.2,3.09,2.42,3,3.2,2.38,3.08,3.49,2.36,3.2,3.49,2.42,3.01,3.14,2.34,3.2,3.3,2.56,2.03,1.83,2.02,1.83,2.21,1.83,2.01,1.75,2.14,1.81,0.25,1.83,2.03,1.81,2.06,1.85,2.06,1.79,2,1.82,2.19
SC1,13/09/2024,19:45,Dunfermline,Raith Rvs,2,0,H,0,0,D,C Napier,13,3,3,0,10,16,5,0,3,4,0,1,2.6,3.3,2.4,2.8,3,2.3,2.8,3.25,2.45,2.93,3.03,2.62,3,2.9,2.5,2.88,2.94,2.52,3,3.3,2.63,2.85,3.03,2.48,2.98,3.2,2.58,2.2,1.65,2.23,1.66,2.27,1.67,2.17,1.64,2.22,1.73,0,2,1.85,2.03,1.82,2.12,1.85,2.03,1.76,2.09,1.79,2.63,3.3,2.4,2.7,2.95,2.4,2.7,3.1,2.63,2.9,3.01,2.66,2.88,2.9,2.6,2.79,3.5,2.55,2.91,3.5,2.7,2.76,3.07,2.55,2.94,3.35,2.66,2.2,1.65,2.27,1.64,2.34,1.65,2.21,1.62,2.3,1.71,0,2,1.85,2,1.84,2.02,1.86,1.98,1.84,2.09,1.87
SC1,14/09/2024,15:00,Airdrie Utd,Falkirk,0,2,A,0,0,D,D McFarlane,11,22,4,7,9,11,3,14,3,4,0,0,4.2,3.8,1.7,4.2,3.5,1.73,4.5,3.8,1.73,4.63,3.57,1.73,4.6,3.5,1.75,4.5,3.64,1.72,4.63,3.8,1.78,4.4,3.58,1.73,5.2,3.3,1.67,1.94,1.79,1.94,1.85,2,1.87,1.93,1.81,1.28,1.32,0.75,1.85,2,1.83,1.98,1.85,2,1.81,1.94,1.91,1.86,3.9,3.8,1.75,4,3.6,1.75,3.7,3.3,1.87,4.43,3.84,1.76,4.5,3.5,1.75,4.11,4,1.84,4.5,4,1.87,4.14,3.68,1.77,5.1,3.9,1.79,1.85,2,1.84,2,2.06,2,1.87,1.89,1.94,2.02,0.75,1.85,2,1.85,2.01,1.86,2.02,1.81,1.97,1.9,2.03
SC1,14/09/2024,15:00,Ayr,Partick,1,1,D,1,0,H,R Hardie,10,7,5,5,15,10,3,11,3,3,0,0,1.8,3.6,3.9,1.82,3.5,3.8,1.75,3.7,4.4,1.78,3.82,4.05,1.83,3.6,4,1.79,3.76,3.95,1.83,3.84,4.4,1.8,3.66,3.94,1.76,3.75,4.2,1.73,2.08,1.68,2.15,1.73,2.16,1.69,2.09,1.7,2.16,-0.5,1.83,2.03,1.78,2.02,1.83,2.03,1.78,1.97,1.76,2.13,1.7,3.8,4.1,1.73,3.7,4,1.6,3.75,4.75,1.74,4.09,4.29,1.73,3.8,4.33,1.8,4.02,4.33,1.8,4.09,4.75,1.71,3.88,4.19,1.75,4.1,4.8,1.65,2.2,1.67,2.24,1.75,2.24,1.65,2.17,1.72,2.28,-0.75,1.95,1.9,1.95,1.9,1.97,1.92,1.91,1.87,1.93,1.97
SC1,14/09/2024,15:00,Livingston,Hamilton,3,0,H,0,0,D,D Williams,13,1,4,0,12,18,5,3,4,4,0,0,1.7,3.6,4.5,1.72,3.6,4.33,1.73,3.6,4.75,1.73,3.71,4.44,1.75,3.5,4.5,1.74,3.64,4.4,1.77,3.77,4.75,1.72,3.64,4.4,1.6,3.25,4.3,1.94,1.79,1.9,1.88,1.95,1.89,1.89,1.84,1.8,1.73,-0.75,1.95,1.9,1.97,1.83,1.98,1.96,1.93,1.84,1.78,1.75,1.8,3.5,3.9,1.75,3.6,4.1,1.62,3.5,4.75,1.85,3.59,4.25,1.83,3.4,4.2,1.91,3.71,4.13,1.91,3.71,4.75,1.79,3.54,4.15,1.89,3.65,4.4,1.95,1.9,1.95,1.88,2.06,1.9,1.91,1.85,1.98,1.92,-0.5,1.83,2.03,1.86,1.99,1.86,2.06,1.79,1.98,1.89,2.06
SC1,14/09/2024,15:00,Queens Park,Morton,1,0,H,1,0,H,L Wilson,14,5,4,3,12,6,8,6,5,4,0,0,2,3.7,3.1,1.95,3.2,3.3,2.1,3.5,3.3,1.98,3.5,3.57,2.1,3.2,3.5,2.02,3.36,3.5,2.1,3.7,3.6,1.99,3.43,3.43,2.04,3.2,3.65,2.05,1.75,2.04,1.75,2.1,1.78,2.02,1.74,1.99,1.73,-0.5,2.03,1.78,2,1.81,2.03,1.82,1.97,1.78,2.04,1.79,2,3.7,3,2,3.2,3.25,1.95,3.5,3.25,2.11,3.37,3.58,2.1,3.2,3.5,2.13,3.82,3.29,2.13,3.82,3.58,2.05,3.39,3.36,2.26,3.35,3.7,2.03,1.83,2.1,1.75,2.21,1.83,2.05,1.73,2.16,1.79,-0.25,1.83,2.03,1.82,2.05,1.85,2.05,1.79,2.01,1.92,2.05
SC1,21/09/2024,15:00,Morton,Airdrie Utd,2,0,H,1,0,H,G Duncan,16,3,5,1,7,15,8,4,0,0,0,1,2.25,3.4,2.75,2.2,3.2,2.8,2.3,3.3,3,2.38,3.16,3.04,2.38,3.1,3,2.31,3.24,2.97,2.38,3.4,3.15,2.31,3.21,2.95,,,,2.08,1.73,2.13,1.74,2.14,1.75,2.07,1.71,,,-0.25,2.03,1.83,2.05,1.79,2.05,1.83,1.99,1.78,,,2.2,3.5,2.8,2.15,3.2,2.85,2.3,3.3,3,2.33,3.26,3.2,2.38,3.2,3,2.33,3.71,2.97,2.38,3.71,3.2,2.27,3.26,3.01,2.32,3.35,3.35,2.05,1.75,2.07,1.78,2.21,1.78,2.04,1.74,2.12,1.82,-0.25,2,1.85,2,1.85,2.02,1.86,1.97,1.82,1.98,1.93
SC1,21/09/2024,15:00,Partick,Dunfermline,1,0,H,0,0,D,E Anderson,8,5,1,1,20,20,6,2,2,4,0,0,1.85,3.4,3.9,1.83,3.4,3.5,1.95,3.5,3.8,1.92,3.6,3.7,1.91,3.4,3.8,1.89,3.58,3.71,1.95,3.65,3.9,1.89,3.51,3.66,,,,1.88,1.98,1.85,1.94,1.88,1.98,1.82,1.93,,,-0.5,1.93,1.93,1.93,1.88,1.93,1.93,1.89,1.86,,,1.95,3.2,3.8,1.98,3.2,3.25,1.95,3.4,3.7,1.95,3.5,3.92,2.05,3.2,3.6,2.05,3.36,3.99,2.06,3.5,3.99,1.98,3.34,3.65,2.04,3.55,4.2,2.05,1.75,2.03,1.82,2.21,1.82,2.01,1.76,2.04,1.87,-0.5,2.03,1.83,1.96,1.88,2.07,1.88,1.98,1.79,2.04,1.92
SC1,21/09/2024,15:00,Queens Park,Ayr,1,1,D,1,0,H,I Snedden,7,13,2,6,10,9,4,10,2,2,0,0,2.9,3.4,2.2,2.75,3.25,2.2,3,3.4,2.25,3.01,3.47,2.24,3,3.3,2.3,2.98,3.38,2.24,3.04,3.5,2.3,2.94,3.38,2.23,,,,1.75,2.05,1.76,2.03,1.77,2.1,1.74,2.02,,,0.25,1.88,1.98,1.85,1.96,1.88,1.98,1.82,1.92,,,2.8,3.4,2.25,2.8,3.3,2.15,3.1,3.5,2.15,2.97,3.59,2.3,2.9,3.4,2.3,2.96,3.59,2.38,3.2,3.6,2.38,2.93,3.46,2.22,3.1,3.65,2.36,1.75,2.05,1.77,2.07,1.89,2.13,1.73,2.05,1.76,2.18,0.25,1.8,2.05,1.85,2.01,1.96,2.11,1.83,1.96,1.88,2.04
SC1,21/09/2024,15:00,Raith Rvs,Hamilton,3,3,D,2,1,H,L Wilson,11,5,8,4,7,15,5,2,1,2,0,0,1.95,3.1,3.9,1.93,3.25,3.3,2,3.3,3.75,1.98,3.51,3.6,2,3.3,3.7,1.96,3.46,3.58,2,3.56,4,1.96,3.39,3.61,,,,1.98,1.88,1.94,1.86,1.98,1.88,1.91,1.84,,,-0.5,2,1.85,2,1.83,2,1.85,1.97,1.8,,,2,2.9,3.9,1.95,3.1,3.4,1.95,3.3,3.8,2.06,3.32,3.76,2.05,3.2,3.7,2.13,3.08,4.14,2.13,3.45,4.14,2,3.22,3.68,2.1,3.35,4,2.1,1.7,2.19,1.69,2.32,1.78,2.11,1.69,2.26,1.75,-0.5,2.05,1.8,2.07,1.8,2.07,1.82,2,1.77,2.1,1.85
SC1,28/09/2024,15:00,Ayr,Morton,1,0,H,0,0,D,C Steven,12,4,5,2,14,8,5,2,2,3,0,0,1.6,3.7,4.75,1.63,3.75,4.75,1.62,3.8,5,1.63,3.95,4.81,1.67,3.6,5,1.64,3.76,4.85,1.67,4,5,1.63,3.8,4.81,1.61,3.8,5,1.9,1.95,1.91,1.89,1.91,1.95,1.87,1.88,1.87,1.86,-0.75,1.83,2.03,1.84,1.98,1.84,2.03,1.81,1.95,1.79,1.96,1.62,3.7,4.5,1.65,3.75,4.5,1.62,3.9,5,1.65,4.04,4.93,1.67,3.7,4.8,1.78,3.87,4.66,1.78,4.04,5,1.66,3.85,4.63,1.69,4,5.5,1.85,2,1.82,2.02,1.97,2.02,1.8,1.97,1.89,2.06,-0.75,1.85,2,1.85,2.01,1.94,2.01,1.85,1.94,1.87,2
SC1,28/09/2024,15:00,Dunfermline,Queens Park,1,2,A,0,1,A,D Nicolson,14,6,3,5,9,6,12,3,2,2,0,0,2.38,3.2,2.6,2.35,3.2,2.6,2.45,3.3,2.88,2.55,3.28,2.71,2.5,3.25,2.7,2.46,3.28,2.64,2.56,3.35,2.88,2.46,3.24,2.67,2.48,2.84,2.74,1.98,1.88,1.97,1.84,1.98,1.88,1.93,1.82,1.83,1.7,0,1.85,2,1.85,1.97,1.85,2.05,1.81,1.98,1.81,2,2.5,3.2,2.5,2.45,3.2,2.45,2.55,3.25,2.63,2.72,3.24,2.68,2.6,3.3,2.6,2.69,3.44,2.69,2.72,3.45,2.69,2.59,3.25,2.59,2.76,3.45,2.7,2,1.85,2.03,1.82,2.1,1.9,1.94,1.83,2.06,1.85,0,1.93,1.93,1.94,1.91,1.94,1.99,1.9,1.92,1.97,1.93
SC1,28/09/2024,15:00,Hamilton,Partick,1,0,H,0,0,D,D Dickinson,8,9,3,4,9,7,1,12,1,4,0,0,2.7,3.3,2.25,2.55,3.3,2.3,2.75,3.4,2.4,2.69,3.58,2.41,2.6,3.5,2.38,2.66,3.46,2.35,2.77,3.58,2.5,2.67,3.45,2.36,2.64,3.1,2.32,1.7,2.1,1.73,2.07,1.75,2.15,1.71,2.06,1.71,2.06,0,2.08,1.73,2.03,1.81,2.13,1.81,2.02,1.76,2,1.77,3.1,3.3,2.05,2.95,3.4,2.05,2.9,3.5,2.25,3.28,3.64,2.12,3.2,3.4,2.15,3.33,3.55,2.21,3.4,3.64,2.25,3.14,3.5,2.1,3.3,3.7,2.22,1.73,2.08,1.76,2.09,1.89,2.11,1.74,2.04,1.79,2.18,0.25,2.03,1.83,2,1.85,2.03,1.91,1.95,1.84,2,1.93
SC1,28/09/2024,15:00,Livingston,Airdrie Utd,2,1,H,1,1,D,K Clancy,9,3,3,1,8,12,7,8,2,4,0,0,1.44,4.33,5.5,1.44,4.1,5.5,1.47,4.1,6.5,1.44,4.35,6.61,1.44,4,7,1.45,4.3,6.24,1.5,4.5,7,1.45,4.24,6.19,1.45,4.2,6.6,1.75,2.05,1.74,2.08,1.8,2.08,1.73,2.03,1.72,2.04,-1,1.75,2.05,1.78,2.05,1.89,2.08,1.77,2,1.75,2.03,1.44,4.33,5.25,1.44,4.1,5.75,1.36,4.6,7.5,1.45,4.4,7.11,1.44,4.2,7.5,1.52,4.81,5.88,1.52,4.81,7.5,1.44,4.35,6.48,1.43,5,8.4,1.73,2.08,1.75,2.1,1.8,2.11,1.72,2.07,1.77,2.18,-1.25,2.05,1.8,2.11,1.75,2.11,1.89,2.02,1.78,1.92,1.85
SC1,28/09/2024,15:00,Raith Rvs,Falkirk,1,0,H,1,0,H,M MacDermid,4,4,1,0,12,13,2,4,2,4,0,0,4.1,3.4,1.73,4.1,3.5,1.7,4.2,3.6,1.8,3.95,3.78,1.81,4.2,3.4,1.83,4.02,3.6,1.8,4.6,3.79,1.83,4,3.62,1.79,4.3,3.65,1.77,1.9,1.95,1.87,1.93,1.9,1.95,1.84,1.91,1.88,1.9,0.5,2.05,1.75,2.04,1.78,2.05,1.82,1.98,1.78,2.04,1.77,4,3.3,1.75,3.9,3.4,1.77,4.2,3.6,1.75,4.05,3.81,1.84,4.2,3.4,1.83,4.34,3.58,1.9,4.34,3.81,1.9,4.01,3.6,1.8,4.3,3.8,1.91,2,1.85,1.93,1.91,2.06,1.93,1.91,1.86,1.99,1.95,0.5,2.03,1.83,2.01,1.85,2.1,1.85,1.98,1.8,2.05,1.91
SC1,05/10/2024,15:00,Airdrie Utd,Dunfermline,1,1,D,0,1,A,P Stuart,12,10,5,5,14,17,6,4,4,3,0,0,2.45,3.3,2.6,2.3,3.3,2.6,2.45,3.3,2.75,2.56,3.31,2.68,2.5,3.25,2.7,2.44,3.28,2.67,2.56,3.4,2.75,2.47,3.29,2.66,2.62,3.3,2.66,2,1.85,1.98,1.83,2,1.85,1.95,1.79,1.94,1.87,0,1.85,2,1.87,1.95,1.87,2,1.81,1.97,1.86,1.95,2.63,3.1,2.55,2.6,3,2.4,2.7,2.9,2.55,2.84,3.14,2.64,2.75,3,2.62,2.78,3.28,2.7,2.85,3.28,2.7,2.74,3.06,2.57,2.98,3.2,2.78,2.25,1.62,2.25,1.66,2.33,1.66,2.23,1.61,2.28,1.72,0,1.98,1.88,2,1.85,2.05,1.93,1.98,1.85,2.07,1.88
SC1,05/10/2024,15:00,Falkirk,Ayr,2,0,H,1,0,H,N Walsh,13,6,5,4,13,14,6,2,0,0,0,0,2,3.3,3.5,1.98,3.25,3.25,2.1,3.4,3.4,2.05,3.33,3.59,2.05,3.3,3.5,2.02,3.44,3.38,2.1,3.44,3.59,2.03,3.33,3.43,2.08,3.4,3.5,1.9,1.95,1.88,1.92,1.9,1.95,1.86,1.88,1.83,1.9,-0.5,2.05,1.8,2.06,1.76,2.06,1.81,2.01,1.76,2.09,1.79,1.83,3.5,3.9,1.85,3.3,3.5,1.9,3.4,3.6,1.84,3.57,4.37,1.95,3.4,3.8,1.94,3.66,4.07,1.95,3.66,4.37,1.87,3.46,3.94,1.93,3.7,4.4,1.8,2,1.79,2.05,1.97,2.05,1.82,1.94,1.86,2.08,-0.5,1.88,1.98,1.85,2.01,1.93,2.01,1.87,1.91,1.94,2.02
SC1,05/10/2024,15:00,Morton,Raith Rvs,2,0,H,0,0,D,I Snedden,9,10,7,2,13,9,5,10,3,1,0,0,2.6,3.5,2.35,2.55,3.1,2.45,2.7,3.3,2.5,2.83,3.13,2.55,2.75,3.1,2.6,2.7,3.18,2.47,2.84,3.5,2.6,2.71,3.18,2.48,2.96,3.15,2.42,2.15,1.67,2.17,1.68,2.27,1.7,2.13,1.66,2.28,1.59,0,2.03,1.83,2.03,1.8,2.03,1.85,1.98,1.81,2.13,1.7,2.7,3.3,2.38,2.7,2.95,2.4,2.7,2.9,2.5,2.91,2.98,2.7,2.88,3,2.6,2.85,3.49,2.51,2.91,3.49,2.7,2.81,3.03,2.54,3,3.15,2.8,2.38,1.53,2.49,1.55,2.63,1.55,2.43,1.52,2.56,1.61,0,2.03,1.83,2,1.85,2.06,1.85,2.02,1.81,2,1.94
SC1,05/10/2024,15:00,Partick,Livingston,0,0,D,0,0,D,R Lee,12,9,2,2,12,12,9,5,3,2,0,0,2.8,3.4,2.3,2.7,3.25,2.25,2.8,3.5,2.38,3.03,3.36,2.28,3,3.25,2.3,2.93,3.42,2.23,3.04,3.5,2.38,2.91,3.33,2.28,3.2,3.4,2.34,1.85,2,1.83,1.97,1.88,2,1.81,1.93,1.82,1.93,0.25,1.83,2.03,1.84,1.99,1.84,2.06,1.8,1.96,1.92,2.01,2.63,3.2,2.55,2.5,3,2.55,2.6,3,2.63,2.87,3.17,2.59,2.7,3.1,2.62,2.61,3.34,2.82,2.88,3.34,2.82,2.66,3.12,2.62,2.82,3.2,2.92,2.15,1.67,2.17,1.71,2.22,1.85,2.12,1.68,2.22,1.76,0,1.93,1.93,2.03,1.83,2.03,2.02,1.9,1.92,2.08,1.89
SC1,05/10/2024,15:00,Queens Park,Hamilton,1,0,H,0,0,D,D McFarlane,17,11,6,3,9,8,3,2,1,1,0,0,1.95,3.4,3.4,1.93,3.4,3.2,2,3.5,3.5,2.01,3.6,3.43,2.05,3.3,3.5,1.99,3.52,3.38,2.05,3.6,3.5,1.97,3.47,3.37,2,3.4,3.3,1.75,2.05,1.77,2.02,1.8,2.05,1.75,1.99,1.73,2,-0.5,2.03,1.83,2.03,1.81,2.03,1.83,1.99,1.79,2,1.8,1.83,3.5,3.8,1.82,3.5,3.5,1.8,3.5,3.8,1.92,3.73,3.81,1.91,3.7,3.7,1.94,3.7,4.01,1.94,3.75,4.01,1.87,3.62,3.72,1.99,3.8,3.95,1.75,2.05,1.76,2.08,1.89,2.09,1.75,2.03,1.8,2.14,-0.5,1.88,1.98,1.93,1.93,1.93,2,1.86,1.92,1.99,1.96
SC1,08/10/2024,19:45,Falkirk,Livingston,0,0,D,0,0,D,E Anderson,10,3,3,2,11,10,8,5,3,1,0,0,1.57,4.1,4.75,1.57,3.9,4.5,1.55,4.2,5.5,1.57,4.23,5.5,1.6,4,5,1.56,4.1,5.07,1.6,4.33,5.5,1.56,4.08,5.06,1.62,4.5,5.7,1.67,2.15,1.67,2.23,1.67,2.24,1.64,2.18,1.67,2.4,-1,2,1.85,1.99,1.87,2.02,1.87,1.95,1.82,2.04,1.87,1.65,3.7,4.75,1.65,3.5,4.33,1.65,3.75,5,1.68,3.68,5.38,1.67,3.7,4.8,1.75,3.88,4.81,1.75,3.9,5.5,1.66,3.67,4.94,1.73,3.95,5.5,2.03,1.83,2.05,1.81,2.05,1.88,1.96,1.81,2.08,1.91,-0.75,1.85,2,1.88,1.96,1.92,2.07,1.85,1.95,1.95,2
SC1,12/10/2024,15:00,Partick,Falkirk,1,1,D,0,0,D,S McLean,7,20,2,6,12,8,4,13,2,0,0,0,3.3,3.3,2,3.2,3.4,1.93,3.4,3.5,2,3.18,3.66,2.13,3.25,3.4,2.1,3.21,3.48,2.07,3.48,3.66,2.13,3.2,3.51,2.05,3.5,3.55,2.14,1.75,2.05,1.77,2.04,1.77,2.05,1.74,2,1.78,2.04,0.25,2.05,1.8,1.97,1.87,2.05,1.87,1.95,1.8,2.04,1.86,2.75,3.1,2.4,2.65,3.25,2.25,2.88,3.1,2.4,2.86,3.33,2.5,2.88,3.2,2.4,2.9,3.28,2.59,2.9,3.35,2.59,2.79,3.22,2.43,3.05,3.4,2.54,1.93,1.93,1.98,1.86,1.98,1.97,1.93,1.83,2.04,1.89,0,2.05,1.8,2.07,1.81,2.08,1.82,2.04,1.79,2.18,1.8
SC1,18/10/2024,19:45,Hamilton,Falkirk,1,3,A,0,3,A,M MacDermid,7,13,4,6,26,9,1,4,7,3,0,0,5.75,3.9,1.55,4.6,4,1.53,5.5,4.2,1.5,5.41,4.25,1.57,5.5,4,1.55,5.07,4.1,1.56,5.75,4.33,1.6,5.14,4.1,1.55,5.9,4.4,1.59,1.62,2.25,1.68,2.22,1.68,2.25,1.63,2.19,1.71,2.22,1,1.84,1.89,1.87,1.99,1.92,1.99,1.84,1.93,1.88,1.9,5.5,3.9,1.57,4.6,4,1.53,5.5,4.2,1.5,5.43,4.33,1.56,5.5,4.2,1.53,5.97,4.15,1.59,5.97,4.37,1.59,5.26,4.15,1.54,6,4.5,1.59,1.62,2.25,1.63,2.3,1.69,2.31,1.61,2.23,1.71,2.34,1,1.82,1.92,1.9,1.95,1.94,1.98,1.88,1.9,1.82,1.96
SC1,19/10/2024,15:00,Ayr,Livingston,1,2,A,1,2,A,D Robertson,19,5,6,4,8,10,9,1,3,4,0,0,2.3,3.2,2.9,2.2,3.2,2.75,2.38,3.3,3,2.41,3.39,2.81,2.38,3.2,2.9,2.34,3.32,2.83,2.43,3.4,3,2.34,3.29,2.82,2.44,3.25,2.84,1.98,1.88,1.97,1.84,1.98,1.89,1.92,1.82,2.02,1.83,-0.25,2.05,1.8,2.1,1.74,2.1,1.81,2.03,1.75,2.13,1.73,2.38,3,3,2.25,3,2.85,2.4,3.1,3,2.48,3.2,2.99,2.38,3,3.1,2.5,3.15,3.15,2.5,3.35,3.15,2.38,3.1,2.97,2.56,3.25,3.1,2.3,1.6,2.31,1.63,2.34,1.72,2.23,1.62,2.3,1.69,-0.25,2.1,1.78,2.12,1.75,2.12,1.8,2.05,1.76,2.18,1.79
SC1,19/10/2024,15:00,Dunfermline,Morton,0,0,D,0,0,D,R Lee,12,7,4,4,12,11,6,0,3,1,0,0,2.35,3.1,3,2.3,3.2,2.87,2.45,3.1,3,2.36,3.1,3.13,2.38,3.1,3,2.32,3.13,3.01,2.45,3.25,3.16,2.33,3.11,3.02,2.34,3.05,3.05,2.2,1.65,2.28,1.61,2.3,1.66,2.22,1.61,2.18,1.62,-0.25,1.99,1.74,2.03,1.8,2.03,1.8,1.99,1.77,2.01,1.88,2.35,2.9,3.2,2.35,3,3,2.4,2.88,3.2,2.36,3,3.41,2.4,2.88,3.2,2.46,3.03,3.34,2.46,3.03,3.41,2.36,2.94,3.2,2.5,3.05,3.55,2.63,1.44,2.67,1.49,2.82,1.49,2.61,1.46,2.7,1.52,-0.25,2.03,1.83,2,1.85,2.08,1.85,1.99,1.8,2.09,1.88
SC1,19/10/2024,15:00,Partick,Airdrie Utd,2,1,H,1,1,D,I Snedden,11,3,4,2,9,7,7,1,2,0,0,1,1.65,4,4.2,1.65,3.6,4.33,1.62,4,5,1.64,3.83,4.94,1.67,3.6,5,1.65,3.76,4.75,1.68,4,5,1.65,3.77,4.73,1.67,3.8,5.2,1.88,1.98,1.88,1.93,1.88,1.98,1.84,1.9,1.84,1.94,-0.75,1.82,1.92,1.85,1.97,1.87,1.97,1.84,1.92,1.9,2.01,1.62,4.1,4.33,1.65,3.6,4.2,1.67,4,4.5,1.66,4,4.96,1.7,3.6,4.75,1.74,4.33,4.33,1.74,4.33,4.96,1.66,3.86,4.58,1.72,4,5.2,1.75,2.05,1.77,2.07,1.89,2.07,1.76,2.01,1.85,2.08,-0.75,1.83,2.03,1.85,2,1.93,2.08,1.84,1.96,1.92,2
SC1,19/10/2024,15:00,Raith Rvs,Queens Park,1,1,D,1,0,H,C Scott,11,4,6,2,13,9,10,7,3,1,1,0,2.2,3.3,3,2.15,3.2,2.9,2.25,3.3,3.2,2.27,3.23,3.15,2.25,3.1,3.2,2.22,3.22,3.11,2.3,3.3,3.2,2.24,3.22,3.06,2.46,3.3,3.1,2.03,1.83,2.02,1.79,2.03,1.83,1.98,1.77,1.98,1.79,-0.25,2,1.85,1.97,1.85,2.02,1.86,1.93,1.83,2.09,1.83,2.2,3.3,3,2.15,3.2,2.9,2.25,3.25,3.1,2.22,3.34,3.34,2.25,3.2,3.1,2.32,3.48,3.16,2.32,3.48,3.34,2.2,3.25,3.14,2.3,3.4,3.4,2.03,1.83,2.03,1.82,2.21,1.83,2,1.77,2.08,1.84,-0.25,1.95,1.9,1.91,1.94,1.99,1.94,1.91,1.88,1.98,1.97
SC1,26/10/2024,15:00,Airdrie Utd,Ayr,0,1,A,0,0,D,G Irvine,7,6,2,2,18,12,6,7,3,2,0,0,4.1,3.4,1.75,3.8,3.5,1.75,4.2,3.6,1.8,4.16,3.55,1.83,4.2,3.5,1.8,4.07,3.58,1.8,4.2,3.61,1.85,4.01,3.52,1.8,1.04,3.15,1.26,1.98,1.88,1.9,1.9,1.98,1.9,1.89,1.86,1.83,1.64,0.5,2.03,1.83,1.98,1.84,2.03,1.84,1.97,1.8,1.65,1.26,3.9,3.4,1.83,3.9,3.4,1.75,4.2,3.6,1.8,4.17,3.65,1.85,4,3.4,1.91,4.39,3.64,1.88,4.39,3.65,1.91,4.02,3.51,1.83,4.3,3.7,1.88,1.93,1.93,1.89,1.94,2.06,1.94,1.9,1.87,1.97,1.96,0.5,1.98,1.88,1.99,1.86,2,1.88,1.95,1.83,2.03,1.88
SC1,26/10/2024,15:00,Falkirk,Dunfermline,2,1,H,1,0,H,C Graham,12,8,5,5,14,14,6,4,2,4,0,0,1.42,4.1,6.5,1.42,4.1,6,1.4,4.33,7,1.41,4.36,7.17,1.44,4.33,6.5,1.42,4.25,6.97,1.44,4.5,7.5,1.42,4.26,6.84,1.27,4.2,1.04,1.93,1.93,1.88,1.93,1.93,1.93,1.86,1.89,1.77,1.79,-1.25,2.05,1.8,2.03,1.8,2.05,1.8,1.99,1.78,1.89,1.67,1.42,4.2,6.5,1.38,4.2,6.75,1.36,4.5,8,1.42,4.41,7.88,1.4,4.5,7,1.5,4.44,6.88,1.5,4.5,8,1.41,4.29,7.3,1.44,4.8,8.6,1.93,1.93,1.89,1.94,2.06,1.96,1.88,1.88,1.89,2,-1.25,2,1.85,2.02,1.83,2.02,1.91,1.97,1.82,1.94,1.88
SC1,26/10/2024,15:00,Hamilton,Morton,3,0,H,0,0,D,L Wilson,9,5,5,1,12,10,9,4,0,3,0,0,2.2,3.6,2.8,2.2,3.3,2.95,2.3,3.5,2.88,2.3,3.26,3.08,2.3,3.2,3.1,2.25,3.32,2.97,2.32,3.6,3.11,2.26,3.27,2.99,2.18,3,1.72,1.98,1.88,1.96,1.84,1.98,1.88,1.93,1.81,1.55,1.59,-0.25,2,1.85,1.99,1.83,2.02,1.85,1.95,1.81,1.9,1.75,2.35,3.4,2.63,2.35,3.2,2.75,2.4,3.5,2.75,2.43,3.33,2.97,2.4,3.2,2.88,2.44,3.61,2.86,2.44,3.61,3.05,2.37,3.27,2.84,2.54,3.2,2.96,2.05,1.8,2.08,1.77,2.21,1.81,2.02,1.76,2.18,1.79,-0.25,2.08,1.73,2.09,1.78,2.11,1.8,2.05,1.76,2.16,1.78
SC1,26/10/2024,15:00,Livingston,Raith Rvs,2,1,H,0,1,A,R Hardie,8,10,5,5,14,6,5,5,1,1,1,1,1.75,3.3,4.75,1.73,3.25,4.2,1.75,3.4,4.75,1.75,3.48,4.7,1.8,3.3,4.6,1.76,3.44,4.47,1.82,3.53,4.75,1.76,3.4,4.49,1.38,3.45,1.04,2.15,1.67,2.19,1.67,2.2,1.67,2.16,1.64,2.02,1.61,-0.5,1.72,2.05,1.76,2.07,1.84,2.07,1.75,2.01,1.38,2.17,1.85,3.1,4.33,1.82,3.1,3.9,1.85,3.2,4.6,1.88,3.28,4.58,1.91,3.2,4.2,1.95,3.27,4.57,1.95,3.29,4.7,1.87,3.2,4.29,1.94,3.35,4.8,2.35,1.57,2.38,1.6,2.53,1.6,2.34,1.56,2.48,1.63,-0.5,1.93,1.93,1.89,1.95,1.93,1.97,1.86,1.91,1.93,2
SC1,26/10/2024,15:00,Queens Park,Partick,0,1,A,0,1,A,C Napier,9,8,4,3,9,11,5,3,1,1,0,0,2.55,3.2,2.63,2.45,3.25,2.45,2.63,3.3,2.6,2.47,3.6,2.61,2.5,3.25,2.7,2.53,3.22,2.6,2.63,3.68,2.7,2.48,3.42,2.58,2.58,3.45,2.48,1.88,1.98,1.93,1.88,1.97,2,1.88,1.87,1.26,1.64,0,1.88,1.98,1.86,1.96,1.91,1.98,1.86,1.92,1.92,1.58,3.1,3.1,2.25,2.75,3.2,2.25,2.9,3.25,2.4,3,3.46,2.34,3,3.1,2.4,3.13,3.24,2.45,3.13,3.46,2.45,2.94,3.26,2.32,3.1,3.45,2.48,2.03,1.83,2.02,1.83,2.21,1.83,2.01,1.76,2.06,1.87,0.25,1.85,2,1.83,2.03,1.85,2.05,1.79,2,1.82,2.12
SC1,29/10/2024,19:45,Dunfermline,Livingston,3,0,H,1,0,H,D McFarlane,15,6,6,3,15,16,6,5,2,3,0,0,2.8,3,2.5,2.8,3,2.3,2.9,3,2.45,2.98,3.21,2.49,3.1,3,2.4,2.96,3.05,2.4,3.1,3.21,2.5,2.91,3.08,2.41,3.15,3.1,2.48,2.38,1.53,2.46,1.56,2.46,1.57,2.37,1.54,2.38,1.62,0,2.05,1.8,2.12,1.76,2.2,1.8,2.09,1.73,2.21,1.74,2.8,3,2.5,2.7,2.95,2.4,3.1,2.88,2.4,3.09,2.98,2.56,3,2.9,2.5,3.06,3.16,2.55,3.1,3.16,2.56,2.94,2.98,2.47,3.35,3.05,2.6,2.38,1.53,2.56,1.52,2.56,1.54,2.44,1.52,2.64,1.55,0,2.05,1.8,2.13,1.76,2.13,1.83,2.07,1.76,2.26,1.75
SC1,29/10/2024,19:45,Morton,Queens Park,0,1,A,0,1,A,D Williams,13,9,5,6,11,9,8,3,4,2,1,0,3.4,3.1,2.2,2.87,3.25,2.15,3,3.25,2.3,3.35,3.16,2.3,3.2,3.2,2.2,3.16,3.26,2.18,3.4,3.26,2.4,3.18,3.15,2.23,3.35,3.15,2.36,2.03,1.83,2.05,1.8,2.17,1.83,2,1.76,2.08,1.84,0.25,1.93,1.93,1.89,1.96,1.93,2,1.86,1.9,1.91,2.01,3,3.1,2.4,2.7,3.3,2.2,2.88,3.1,2.4,3,3.24,2.46,2.9,3.25,2.38,3.1,3.21,2.49,3.1,3.4,2.49,2.88,3.22,2.37,3.05,3.35,2.54,1.93,1.93,1.93,1.9,2.06,1.95,1.88,1.88,2.02,1.93,0.25,1.78,2.1,1.77,2.11,1.8,2.11,1.76,2.04,1.79,2.16
SC1,29/10/2024,19:45,Raith Rvs,Airdrie Utd,1,0,H,1,0,H,N Walsh,6,5,3,3,14,10,3,3,1,1,0,0,1.67,3.75,4.33,1.7,3.4,4.2,1.73,3.6,4.6,1.72,3.85,4.68,1.73,3.5,4.33,1.71,3.64,4.51,1.74,3.85,4.68,1.71,3.67,4.43,1.81,3.85,4.9,2,1.85,1.96,1.88,2.06,1.91,1.94,1.82,2.04,1.91,-0.75,1.93,1.93,1.96,1.89,1.97,1.98,1.92,1.86,2.03,1.88,1.62,3.75,4.75,1.58,3.6,4.75,1.62,3.7,5.5,1.66,3.88,5.14,1.7,3.5,5,1.71,3.97,5.03,1.72,3.97,5.5,1.65,3.71,4.88,1.7,3.95,5.8,2.05,1.8,2.04,1.81,2.21,1.81,2,1.77,2.06,1.88,-0.75,1.83,2.03,1.87,1.98,1.97,2.07,1.85,1.95,1.92,2.02
SC1,01/11/2024,19:45,Raith Rvs,Ayr,2,0,H,2,0,H,L Wilson,12,3,5,2,14,6,3,4,3,1,0,0,2.88,3.2,2.35,2.8,3.1,2.25,2.9,3.1,2.4,3.1,3.09,2.48,2.8,3,2.6,3.03,2.97,2.41,3.1,3.2,2.6,2.96,3.05,2.39,3.1,3.2,2.52,2.25,1.62,2.28,1.65,2.57,1.68,2.27,1.59,2.36,1.69,0.25,1.78,2.1,1.77,2.11,1.8,2.12,1.74,2.03,1.79,2.15,2.75,3.2,2.45,2.75,3,2.35,2.88,3,2.5,2.87,3.06,2.67,2.9,3,2.5,2.88,3.35,2.57,2.95,3.35,2.67,2.84,3.05,2.5,3.05,3.2,2.64,2.2,1.65,2.31,1.63,2.4,1.65,2.27,1.59,2.4,1.67,0,2.03,1.83,2,1.85,2.12,1.85,2.05,1.78,2.15,1.83
SC1,02/11/2024,15:00,Airdrie Utd,Hamilton,0,4,A,0,2,A,E Anderson,18,19,9,10,12,10,16,6,2,2,0,0,2.4,3.5,2.55,2.37,3.25,2.55,2.5,3.4,2.7,2.47,3.27,2.82,2.45,3.4,2.7,2.39,3.42,2.64,2.6,3.5,2.85,2.43,3.31,2.7,2.48,3.35,2.74,1.8,2,1.78,2.02,1.9,2.06,1.78,1.96,1.76,2.04,0,1.83,2.03,1.79,2.04,1.91,2.04,1.81,1.96,1.78,2,2.45,3.5,2.5,2.37,3.3,2.5,2.45,3.4,2.63,2.74,3.34,2.6,2.6,3.3,2.62,2.58,3.69,2.64,2.74,3.69,2.73,2.56,3.36,2.57,2.72,3.6,2.68,1.73,2.08,1.75,2.1,1.89,2.11,1.75,2.02,1.83,2.12,0,1.93,1.93,1.98,1.88,1.98,1.95,1.91,1.91,1.96,1.96
SC1,02/11/2024,15:00,Dunfermline,Partick,0,1,A,0,0,D,M MacDermid,9,6,2,3,13,8,6,2,2,2,0,0,2.7,3.5,2.25,2.75,3.3,2.2,2.88,3.4,2.3,2.68,3.57,2.42,2.9,3.25,2.38,2.71,3.34,2.38,2.9,3.58,2.45,2.74,3.42,2.35,3,3.45,2.4,1.9,1.95,1.89,1.91,1.99,1.95,1.88,1.86,1.87,1.87,0,2.1,1.7,2.02,1.81,2.11,1.81,2.08,1.72,2.14,1.79,2.38,3.3,2.7,2.35,3.1,2.65,2.5,3.25,2.7,2.61,3.15,2.87,2.5,3.1,2.8,2.51,3.49,2.85,2.61,3.49,2.87,2.46,3.23,2.76,2.72,3.15,2.96,2.15,1.67,2.17,1.71,2.32,1.75,2.13,1.67,2.32,1.71,0,1.8,2.05,1.83,2.03,1.85,2.07,1.8,2.02,1.91,2.04
SC1,02/11/2024,15:00,Falkirk,Morton,6,0,H,2,0,H,D Dickinson,19,3,13,2,10,11,17,0,0,3,0,0,1.4,4,7.5,1.38,4.2,6.75,1.4,4.33,8.5,1.41,4.37,7.33,1.4,4,8.5,1.4,4.25,7.5,1.42,4.5,8.5,1.4,4.25,7.38,1.43,4.3,8.8,2,1.85,2.01,1.81,2,1.85,1.95,1.79,1.98,1.81,-1.25,2,1.85,2.02,1.81,2.02,1.88,1.95,1.81,1.93,1.76,1.36,4.5,7,1.34,4.75,6.5,1.29,5.5,9,1.32,5.45,8.4,1.35,4.6,8.5,1.4,5.1,7.93,1.4,5.5,9,1.34,4.93,7.63,1.34,6,9.4,1.57,2.35,1.55,2.49,1.81,2.49,1.58,2.29,1.66,2.42,-1.25,1.75,2.05,1.73,2.15,1.9,2.15,1.77,2.02,1.76,2.09
SC1,02/11/2024,15:00,Livingston,Queens Park,1,1,D,0,0,D,D Nicolson,13,7,5,3,15,9,6,4,4,2,0,1,1.8,3.5,4,1.77,3.3,3.9,1.75,3.5,4.5,1.86,3.28,4.41,1.83,3.3,4.4,1.83,3.42,4.12,1.9,3.5,4.5,1.83,3.36,4.16,1.83,3.2,4.5,2.1,1.7,2.14,1.7,2.15,1.71,2.09,1.69,2.08,1.68,-0.5,1.85,2,1.88,1.94,1.88,2.04,1.82,1.94,1.83,1.98,1.9,3.4,3.7,1.88,3.25,3.5,1.95,3.3,3.8,1.91,3.31,4.42,1.95,3.25,3.9,2,3.58,3.89,2,3.58,4.42,1.93,3.29,3.93,1.95,3.35,4.7,2.1,1.7,2.12,1.74,2.32,1.74,2.11,1.69,2.16,1.79,-0.5,1.93,1.93,1.92,1.93,1.96,1.93,1.91,1.86,1.95,2.01
SC1,08/11/2024,19:45,Morton,Ayr,1,1,D,1,0,H,P Stuart,7,8,3,5,12,20,4,4,1,5,0,0,3.6,3.2,1.91,3.6,3,1.95,4.2,3.2,1.91,4.41,3.15,1.97,3.9,3.1,2,4.01,3.32,1.88,4.41,3.32,2.09,3.79,3.18,1.99,4.5,3.25,1.98,2.25,1.62,2.27,1.65,2.3,1.65,2.23,1.61,2.26,1.75,0.5,1.85,2,1.88,1.98,1.88,2.02,1.8,1.97,1.9,1.99,3.7,3.25,1.85,3.7,3.1,1.87,4.2,3.3,1.87,4.35,3.2,1.96,4,3.2,1.95,3.99,3.51,2,4.35,3.51,2.04,3.87,3.23,1.95,4.4,3.55,1.97,2.15,1.67,2.21,1.68,2.32,1.68,2.18,1.64,2.28,1.74,0.5,1.88,1.98,1.88,1.97,1.91,1.98,1.84,1.93,2.01,1.97
SC1,09/11/2024,15:00,Falkirk,Airdrie Utd,2,0,H,1,0,H,C Scott,22,9,9,2,10,12,4,3,1,3,0,0,1.25,5.5,8,1.25,5.25,8.75,1.22,5.5,11,1.22,6.07,10.3,1.25,5.5,11,1.21,6.05,11,1.28,6.3,11,1.24,5.66,9.93,1.25,6.4,11.5,1.5,2.5,1.47,2.61,1.5,2.65,1.46,2.54,1.45,2.82,-1.5,1.73,2.08,1.69,2.15,1.86,2.15,1.72,2.06,1.68,2.13,1.2,6,9,1.2,5.75,10,1.15,7,15,1.21,6.6,12.44,1.2,5.8,15,1.22,7.69,11.5,1.23,7.69,15,1.2,6.3,11.56,1.21,7.6,18,1.5,2.5,1.48,2.64,1.5,2.65,1.47,2.57,1.49,2.9,-1.75,1.83,2.03,1.79,2.04,1.86,2.08,1.8,2,1.77,2.12
SC1,09/11/2024,15:00,Hamilton,Livingston,1,3,A,1,1,D,G Irvine,9,12,4,6,15,13,5,3,2,2,0,0,3.4,3.2,1.95,3.3,3.2,1.98,3.5,3.3,2.1,3.43,3.44,2.06,3.6,3.25,2.05,3.41,3.38,2.03,3.6,3.5,2.1,3.4,3.36,2.03,3.4,3.25,2.08,2,1.85,1.97,1.84,2,1.85,1.94,1.81,1.96,1.83,0.25,2.05,1.75,2.03,1.8,2.05,1.8,2.01,1.76,2,1.78,3.2,3.2,2.05,3.1,3.2,2.05,3.5,3.3,2.05,3.45,3.34,2.17,3.4,3.25,2.1,3.55,3.45,2.15,3.55,3.45,2.17,3.35,3.3,2.09,3.55,3.35,2.26,2.03,1.83,2.01,1.83,2.1,1.85,1.97,1.79,2.04,1.85,0.25,2,1.85,1.99,1.87,2.06,1.87,2,1.8,2,1.92
SC1,09/11/2024,15:00,Partick,Raith Rvs,1,1,D,1,0,H,S McLean,10,12,2,4,11,9,3,5,1,2,0,0,2.15,3.3,2.9,2.1,3.2,3,2.15,3.3,3.3,2.3,3.18,3.15,2.25,3.1,3.2,2.23,3.2,3.11,2.31,3.35,3.35,2.22,3.21,3.1,2.34,2.96,3.1,2.1,1.7,2.16,1.68,2.16,1.73,2.11,1.67,2.14,1.66,-0.25,1.95,1.9,1.98,1.84,1.98,1.9,1.92,1.84,1.98,1.76,2.1,3.25,3,2.15,3.1,2.95,2.25,3,3.4,2.27,3.06,3.54,2.25,3.1,3.3,2.32,3.5,3.13,2.32,3.5,3.54,2.23,3.12,3.22,2.36,3.2,3.6,2.2,1.65,2.27,1.65,2.34,1.65,2.22,1.61,2.38,1.67,-0.25,1.93,1.93,1.93,1.93,2,1.93,1.92,1.87,1.99,1.96
SC1,09/11/2024,15:00,Queens Park,Dunfermline,2,1,H,1,0,H,G Grainger,11,19,4,4,8,6,4,10,1,1,0,0,2.15,3.2,3,2.15,3.2,2.9,2.38,3.25,3,2.28,3.48,2.94,2.2,3.3,2.9,2.3,3.18,3.01,2.38,3.51,3.1,2.23,3.33,2.96,2.34,3.4,2.9,1.95,1.9,1.98,1.83,2.1,1.91,1.95,1.8,2.04,1.76,-0.25,1.98,1.88,2,1.83,2,1.89,1.94,1.82,2.04,1.8,2.55,3.1,2.6,2.37,3.2,2.6,2.63,3.1,2.7,2.7,3.15,2.77,2.6,3.2,2.7,2.7,3.29,2.76,2.7,3.29,2.9,2.58,3.14,2.69,2.7,3.3,2.9,2.03,1.83,2.05,1.81,2.1,1.88,2,1.76,2.18,1.8,0,1.93,1.93,1.9,1.95,1.99,2.02,1.88,1.95,1.94,2.05
SC1,16/11/2024,15:00,Ayr,Queens Park,3,2,H,2,0,H,C Scott,10,8,4,4,10,12,3,7,2,2,0,1,1.95,3.4,3.8,1.87,3.2,3.6,1.95,3.3,3.8,2.03,3.3,3.85,2,3.2,3.8,1.95,3.34,3.71,2.03,3.53,3.9,1.96,3.33,3.69,2.08,3.3,3.8,2.05,1.75,2.1,1.72,2.1,1.76,2.04,1.72,2.08,1.74,-0.5,2,1.85,2.04,1.81,2.04,1.85,1.94,1.82,2.08,1.83,2,3.4,3.6,1.95,3.25,3.3,2,3.2,3.3,1.99,3.43,3.88,2.1,3.3,3.4,2.18,3.52,3.42,2.18,3.55,3.9,2.06,3.37,3.38,2.2,3.45,3.75,1.98,1.88,1.97,1.86,2.1,1.88,1.95,1.81,2.04,1.93,-0.25,1.73,2.08,1.72,2.17,1.86,2.18,1.78,2.01,1.88,2.05
SC1,16/11/2024,15:00,Dunfermline,Airdrie Utd,1,0,H,0,0,D,C Steven,9,7,5,2,11,10,5,9,1,3,0,0,1.8,3.5,4.5,1.75,3.4,3.9,1.75,3.6,4.5,1.72,3.71,4.76,1.75,3.5,4.6,1.72,3.64,4.41,1.83,3.71,4.76,1.74,3.57,4.43,1.75,3.45,4.4,1.98,1.88,1.94,1.88,2,1.88,1.93,1.82,1.88,1.97,-0.75,2.05,1.8,1.96,1.88,2.05,1.88,1.96,1.8,1.96,1.78,1.55,3.9,5.75,1.55,3.8,4.8,1.47,4,6.5,1.61,3.9,5.66,1.55,3.75,6,1.67,3.92,5.49,1.67,4,6.5,1.57,3.87,5.46,1.64,4.4,5.9,1.88,1.98,1.87,1.96,2.06,1.98,1.86,1.89,1.88,2.02,-1,2,1.85,2.06,1.81,2.09,1.87,2,1.8,2.05,1.8
SC1,16/11/2024,15:00,Livingston,Falkirk,1,0,H,1,0,H,I Snedden,7,6,2,1,18,15,3,8,5,2,0,0,4,3.6,1.9,3.7,3.3,1.82,4,3.4,1.9,4.28,3.45,1.87,4.2,3.25,1.91,4.07,3.45,1.83,4.28,3.6,1.91,4.05,3.41,1.85,4.3,3.4,1.88,2.05,1.75,2.04,1.79,2.05,1.79,2,1.75,1.92,1.8,0.5,1.95,1.9,1.96,1.88,1.96,1.9,1.91,1.84,2.01,1.88,3.75,3.7,1.91,3.5,3.4,1.82,4,3.5,1.87,3.95,3.53,1.93,3.9,3.3,1.95,3.71,3.79,1.99,4.1,3.79,1.99,3.75,3.5,1.9,4.1,3.65,1.99,1.9,1.95,1.93,1.9,2.06,1.99,1.89,1.87,1.95,1.98,0.5,1.9,1.95,1.9,1.94,1.96,1.99,1.88,1.89,1.98,1.99
SC1,16/11/2024,15:00,Partick,Hamilton,5,1,H,2,1,H,R Hardie,19,7,10,2,10,12,5,0,2,1,0,0,1.73,3.7,4.75,1.7,3.5,4,1.7,3.7,4.75,1.74,3.78,4.53,1.73,3.6,4.6,1.72,3.68,4.36,1.77,3.78,4.75,1.73,3.66,4.36,1.76,3.75,4.7,1.85,2,1.89,1.93,1.89,2,1.84,1.91,1.87,1.94,-0.75,1.98,1.88,1.98,1.86,2,1.88,1.94,1.82,1.97,1.89,1.57,4,5.75,1.52,3.9,5,1.5,3.9,5.5,1.58,3.99,5.76,1.55,3.75,6,1.59,4.1,6.15,1.6,4.1,6.15,1.55,3.92,5.56,1.63,4.2,6.2,1.8,2,1.79,2.04,1.89,2.07,1.77,1.99,1.8,2.12,-1,2,1.85,2.02,1.84,2.02,1.89,1.96,1.82,2.02,1.88
SC1,16/11/2024,15:00,Raith Rvs,Morton,2,3,A,0,2,A,D McFarlane,12,5,6,4,8,11,8,2,1,3,0,0,1.75,3.5,5,1.71,3.25,4.33,1.73,3.5,4.75,1.74,3.54,4.92,1.8,3.3,4.6,1.75,3.44,4.56,1.81,3.55,5,1.74,3.43,4.63,1.72,3.5,5.4,2.15,1.67,2.19,1.68,2.2,1.68,2.15,1.65,2.02,1.6,-0.75,2,1.85,2,1.85,2.04,1.85,1.96,1.81,1.91,1.9,1.65,3.6,5.75,1.55,3.5,5,1.55,3.4,6,1.65,3.59,5.93,1.6,3.5,6,1.69,3.67,5.87,1.69,3.7,6,1.63,3.52,5.54,1.67,3.8,6.6,2.15,1.67,2.21,1.68,2.32,1.68,2.17,1.64,2.3,1.71,-0.75,1.83,2.03,1.85,2,1.91,2.06,1.82,1.97,1.87,2.08
SC1,22/11/2024,19:45,Queens Park,Falkirk,0,1,A,0,1,A,D Dickinson,5,22,1,8,7,6,2,4,2,2,0,0,4.33,4.2,1.62,4.33,3.75,1.62,5,4,1.62,4.98,4.25,1.61,4.5,3.9,1.67,4.64,3.95,1.63,5,4.25,1.67,4.64,4,1.62,5.2,4.2,1.63,1.62,2.25,1.65,2.26,1.65,2.28,1.62,2.21,1.7,2.26,0.75,2.05,1.8,2.07,1.78,2.07,1.84,2,1.78,2.1,1.77,3.9,4.1,1.73,3.8,3.75,1.68,4.2,3.75,1.67,4.24,3.92,1.78,4.4,3.7,1.73,4.06,4.27,1.8,4.8,4.27,1.8,4.06,3.91,1.73,4.4,4,1.84,1.62,2.25,1.68,2.22,1.69,2.31,1.63,2.21,1.72,2.32,0.75,1.85,2,1.84,2.02,2.03,2.02,1.85,1.95,1.87,2.04
SC1,23/11/2024,15:45,Ayr,Dunfermline,1,0,H,0,0,D,C Napier,10,3,6,2,12,10,6,5,3,4,0,0,1.91,3.4,3.75,1.87,3.25,3.6,1.91,3.5,3.9,1.96,3.52,3.66,1.91,3.2,4.2,1.92,3.32,3.85,2,3.52,4.2,1.92,3.38,3.76,1.95,3.3,3.8,2.15,1.67,2.21,1.65,2.23,1.73,2.13,1.66,2.12,1.69,-0.5,2,1.85,1.98,1.85,2,1.89,1.92,1.83,1.81,2,1.95,3.3,3.7,1.9,3.1,3.6,1.9,3.1,4.5,1.96,3.25,4.28,2,3.1,4,1.9,3.28,3.98,2,3.4,4.5,1.95,3.2,3.95,1.95,3.45,4.6,2.3,1.6,2.32,1.62,2.32,1.64,2.26,1.6,2.3,1.69,-0.5,2,1.85,1.97,1.88,2,1.88,1.95,1.81,1.96,2
SC1,07/12/2024,15:00,Dunfermline,Hamilton,3,2,H,0,0,D,I Snedden,10,7,3,3,12,13,12,2,2,0,0,0,1.83,3.4,4,1.8,3.3,3.75,1.85,3.5,4.2,1.85,3.48,4.13,1.85,3.4,4.2,,,,1.88,3.5,4.2,1.84,3.42,4.05,1.9,3.4,4.5,2.03,1.83,2.08,1.74,2.1,1.85,2.03,1.74,1.93,1.73,-0.5,1.88,1.98,1.87,1.95,1.88,1.98,1.84,1.92,1.9,2.01,1.75,3.5,4.5,1.7,3.4,4.33,1.67,3.3,4.75,1.81,3.54,4.54,1.8,3.4,4.4,1.83,3.65,4.69,1.83,3.65,4.8,1.77,3.47,4.42,1.84,3.65,5,2.05,1.8,2.06,1.78,2.21,1.85,2.03,1.74,2.08,1.84,-0.75,2.03,1.83,2.08,1.78,2.08,1.87,2.01,1.8,2.07,1.83
SC1,07/12/2024,15:00,Falkirk,Raith Rvs,3,0,H,1,0,H,G Grainger,14,2,7,1,8,13,10,4,1,2,0,0,1.57,3.9,5,1.53,3.8,4.8,1.57,4,5,1.56,4.07,5.3,1.6,3.75,5.5,,,,1.6,4.2,5.5,1.56,3.98,5.14,1.58,4,5.6,1.75,2.05,1.76,2.03,1.8,2.05,1.75,2,1.73,2,-1,2.03,1.83,2.01,1.82,2.04,1.83,1.99,1.79,1.96,1.9,1.53,3.9,5.5,1.53,3.75,5,1.44,4,6,1.55,4.04,6.11,1.55,3.9,5.8,1.62,4.1,5.79,1.62,4.2,6.11,1.54,3.96,5.6,1.6,4.2,6.4,1.85,2,1.85,1.98,1.97,2,1.82,1.94,1.89,2,-1,1.95,1.9,1.96,1.89,1.98,1.92,1.93,1.85,1.96,1.88
SC1,07/12/2024,15:00,Morton,Livingston,0,0,D,0,0,D,G Irvine,2,6,0,0,9,14,3,8,1,0,0,0,3.9,3.25,1.9,3.6,3.2,1.88,4,3.3,1.91,4.1,3.34,1.9,4,3.1,2,,,,4.1,3.4,2,3.94,3.29,1.9,4.1,3.1,1.92,2.15,1.67,2.21,1.66,2.23,1.67,2.16,1.65,2.12,1.68,0.5,1.9,1.95,1.9,1.92,1.9,1.95,1.85,1.9,1.81,1.84,3.9,3.25,1.9,3.6,3.2,1.87,3.9,3.1,1.9,4.34,3.15,1.99,4,3.2,1.95,4.1,3.42,2,4.34,3.42,2,3.97,3.21,1.94,4.3,3.4,2.02,2.2,1.65,2.25,1.66,2.34,1.68,2.19,1.63,2.34,1.67,0.5,1.88,1.98,1.86,2,1.91,2,1.84,1.93,1.91,2.02
SC1,07/12/2024,15:00,Partick,Ayr,1,0,H,0,0,D,C Scott,8,9,4,4,6,14,4,7,0,5,0,0,2.1,3.4,3.1,2.1,3.1,3.1,2.25,3.3,3.2,2.17,3.07,3.56,2.2,3.1,3.4,,,,2.25,3.4,3.56,2.17,3.15,3.29,2.08,3.2,3.7,2.08,1.73,2.04,1.76,2.15,1.76,2.06,1.71,2.08,1.74,-0.25,1.88,1.98,1.86,1.96,1.88,1.98,1.84,1.92,1.76,2.08,2.05,3.4,3.25,2.05,3.1,3.1,1.95,3,3.8,2.18,3.14,3.67,2.15,3.1,3.5,2.16,3.57,3.42,2.25,3.57,3.8,2.11,3.17,3.43,2.2,3.3,3.8,2.1,1.7,2.15,1.72,2.32,1.73,2.14,1.66,2.18,1.77,-0.25,1.85,2,1.86,2,1.88,2.05,1.81,1.98,1.87,2.04
SC1,07/12/2024,15:00,Queens Park,Airdrie Utd,2,0,H,2,0,H,N Walsh,21,8,7,3,11,5,12,4,0,1,0,0,1.67,3.7,4.5,1.63,3.6,4.4,1.73,3.75,4.75,1.69,4.14,4.16,1.75,3.5,4.6,,,,1.75,4.2,4.75,1.69,3.85,4.29,1.68,3.8,4.9,1.88,1.98,1.84,1.96,1.88,1.98,1.82,1.92,1.71,1.81,-0.75,1.9,1.95,1.91,1.91,1.93,1.95,1.88,1.88,1.89,1.92,1.67,3.7,4.33,1.68,3.5,4.1,1.7,3.6,4.2,1.71,4,4.57,1.75,3.5,4.5,1.77,3.93,4.6,1.82,4,4.6,1.71,3.75,4.32,1.76,3.95,5,1.83,2.03,1.83,2.01,1.97,2.03,1.83,1.92,1.95,2,-0.75,1.93,1.93,1.92,1.93,2.05,1.94,1.93,1.86,1.96,1.94
SC1,13/12/2024,19:45,Livingston,Partick,2,0,H,1,0,H,G Grainger,17,7,7,1,20,13,6,6,1,4,0,0,2.25,3,3.1,2.2,3.1,2.85,2.3,3.1,3.1,2.32,3.26,3.21,2.3,3.1,3.2,2.25,3.2,3.07,2.35,3.3,3.21,2.29,3.15,3.07,2.38,3.25,3.15,2.1,1.7,2.18,1.7,2.27,1.73,2.12,1.67,2.2,1.74,-0.25,1.98,1.88,1.99,1.86,2,1.88,1.96,1.83,2.03,1.84,2.2,3,3.2,2.2,3.1,2.9,2.2,3,3.2,2.3,3.21,3.3,2.3,3,3.25,2.33,3.18,3.41,2.33,3.21,3.41,2.26,3.12,3.2,2.36,3.25,3.55,2.15,1.67,2.18,1.7,2.34,1.7,2.22,1.63,2.36,1.69,-0.25,1.95,1.9,1.97,1.88,1.98,1.94,1.93,1.88,1.99,1.94
SC1,14/12/2024,15:00,Airdrie Utd,Morton,2,2,D,1,2,A,M MacDermid,14,8,7,3,8,16,3,2,4,3,0,0,2.45,3.2,2.7,2.4,3.2,2.55,2.6,3.2,2.75,2.48,3.19,2.87,2.5,3.1,2.8,2.46,3.2,2.7,2.6,3.3,2.87,2.48,3.19,2.74,2.52,3.25,2.82,2.08,1.73,2.08,1.74,2.08,1.75,2.05,1.72,2.04,1.75,0,1.8,2.05,1.78,2.07,1.85,2.07,1.8,1.98,1.76,2.09,2.55,3.2,2.6,2.4,3.2,2.55,2.45,3,2.63,2.68,3.27,2.7,2.5,3.2,2.75,2.68,3.37,2.74,2.68,3.37,2.86,2.55,3.21,2.67,2.72,3.3,2.92,2.05,1.75,2.08,1.76,2.21,1.76,2.06,1.73,2.16,1.8,0,1.9,1.95,1.92,1.93,1.92,1.98,1.87,1.95,1.93,1.97
SC1,14/12/2024,15:00,Ayr,Falkirk,5,2,H,3,2,H,D Dickinson,12,2,6,2,10,7,9,3,1,1,0,1,4.33,3.5,1.7,4,3.5,1.71,4.2,3.5,1.85,4.4,3.7,1.74,4.4,3.4,1.8,4.41,3.58,1.74,4.5,3.7,1.85,4.24,3.56,1.77,4.7,3.75,1.77,2.03,1.83,1.97,1.83,2.05,1.83,1.98,1.78,2.04,1.78,0.5,2.03,1.78,2.08,1.75,2.08,1.83,2,1.78,2.2,1.77,4,3.5,1.8,3.9,3.4,1.77,4.33,3.6,1.75,4.3,3.61,1.84,4.33,3.3,1.85,4.21,3.69,1.9,4.33,3.69,1.9,4.11,3.52,1.82,4.4,3.65,1.95,1.98,1.88,1.86,1.98,2.21,1.98,2,1.78,2.08,1.84,0.5,2,1.85,2.01,1.85,2.02,1.87,1.97,1.83,2,1.95
SC1,14/12/2024,15:00,Hamilton,Queens Park,2,1,H,2,1,H,C Graham,12,9,7,3,17,11,8,8,5,4,0,0,3.3,3.25,2.1,3.1,3.3,2,3.2,3.3,2.2,3.09,3.72,2.11,3.25,3.3,2.15,3.15,3.4,2.12,3.3,3.72,2.2,3.13,3.45,2.11,3.3,3.55,2.1,1.85,2,1.83,1.98,1.87,2,1.83,1.92,1.81,1.97,0.25,2,1.85,1.96,1.86,2,1.86,1.93,1.84,2.01,1.84,3.1,3.5,2.05,2.75,3.6,2.05,3,3.6,2.05,3.27,3.88,2.05,3,3.6,2.15,3.28,3.7,2.17,3.28,3.91,2.19,3.04,3.69,2.1,3.3,3.95,2.1,1.57,2.35,1.56,2.43,1.6,2.5,1.54,2.41,1.6,2.54,0.25,2,1.85,2.06,1.81,2.06,1.9,1.96,1.85,2.07,1.84
SC1,14/12/2024,15:00,Raith Rvs,Dunfermline,2,0,H,1,0,H,C Scott,6,5,3,4,11,15,3,1,0,0,0,0,2.2,3.1,3.25,2.05,3,3.25,2.2,3.2,3.3,2.35,2.84,3.47,2.1,3,3.7,2.19,3.1,3.3,2.35,3.2,3.55,2.18,3.05,3.39,2.34,2.7,3.45,2.35,1.57,2.44,1.54,2.45,1.57,2.36,1.54,2.36,1.55,-0.25,1.95,1.9,1.98,1.84,1.98,1.96,1.87,1.9,1.98,1.83,2.2,3.1,3.25,2.1,3,3.2,2.2,2.7,3.6,2.34,2.9,3.6,2.25,3,3.4,2.3,3.25,3.4,2.34,3.25,3.6,2.22,3.01,3.41,2.36,3,3.9,2.38,1.53,2.51,1.53,2.63,1.55,2.43,1.52,2.6,1.57,-0.25,1.98,1.88,1.96,1.88,1.98,1.95,1.91,1.89,1.98,1.98
SC1,17/12/2024,19:45,Airdrie Utd,Livingston,0,3,A,0,1,A,R Lee,8,10,2,6,10,9,4,4,2,1,0,0,5.25,3.8,1.57,4.8,3.7,1.55,6.5,3.8,1.5,5.83,3.95,1.58,5.8,3.6,1.6,5.52,3.84,1.56,6.5,3.95,1.64,5.53,3.79,1.57,6.8,4.1,1.59,1.98,1.88,2,1.85,2.08,1.89,1.96,1.8,2.04,1.89,1,1.83,2.03,1.79,2.09,1.83,2.14,1.76,2.04,1.81,1.59,5.75,3.9,1.53,5.5,3.8,1.49,6,3.9,1.44,6.26,3.99,1.55,6.5,3.8,1.53,6.27,4.21,1.57,6.5,4.21,1.58,6,3.95,1.52,7,4.4,1.57,1.95,1.9,1.96,1.87,1.97,1.93,1.91,1.86,1.98,2,1,1.9,1.95,1.85,2.01,1.98,2.05,1.89,1.92,1.97,1.95
SC1,20/12/2024,19:45,Queens Park,Raith Rvs,1,2,A,0,1,A,G Irvine,16,9,6,3,10,8,8,0,5,1,0,0,2.5,3.25,2.6,2.45,3.1,2.55,2.5,3.25,2.7,2.72,3.12,2.77,2.6,3.1,2.75,2.53,3.26,2.58,2.72,3.26,2.97,2.55,3.16,2.7,2.64,3.15,2.8,2.03,1.83,2.07,1.78,2.16,1.83,2.03,1.75,2.14,1.84,0,1.88,1.98,1.91,1.94,1.91,1.99,1.86,1.93,1.87,1.98,2.3,3.3,2.88,2.3,3.1,2.75,2.2,3,3.1,2.35,3.24,3.17,2.38,3.2,3,2.42,3.42,3.03,2.51,3.42,3.17,2.35,3.18,2.95,2.38,3.4,3.35,2.03,1.83,1.99,1.85,2.21,1.85,2.03,1.75,2.12,1.85,-0.25,2.03,1.83,2.02,1.84,2.08,1.84,2.03,1.78,2.03,1.91
SC1,21/12/2024,15:00,Airdrie Utd,Partick,0,2,A,0,2,A,P Stuart,12,9,4,5,7,8,7,5,1,1,0,0,4.75,3.8,1.65,4.5,3.6,1.61,5,3.8,1.62,5.21,3.86,1.61,5,3.5,1.7,4.95,3.65,1.65,5.21,3.95,1.7,4.9,3.73,1.64,5.5,3.7,1.62,2.03,1.83,1.99,1.82,2.05,1.83,1.98,1.77,1.93,1.81,0.75,2,1.85,2.02,1.81,2.02,1.9,1.93,1.83,2.03,1.82,4.5,4.33,1.6,4.5,4.1,1.53,4.75,4,1.55,5.28,4.18,1.6,5,4,1.62,4.68,4.51,1.66,5.4,4.51,1.66,4.9,4.2,1.57,5.3,4.4,1.68,1.62,2.25,1.68,2.2,1.73,2.26,1.63,2.2,1.71,2.3,1,1.8,2.05,1.83,2.04,1.88,2.08,1.82,1.99,1.81,2.07
SC1,21/12/2024,15:00,Falkirk,Hamilton,1,0,H,0,0,D,C Scott,15,7,5,4,8,14,8,5,0,5,0,0,1.3,4.75,9,1.26,5.25,8,1.25,5.5,10,1.26,5.72,8.8,1.3,5,9,1.28,5.4,8.55,1.3,5.8,10,1.28,5.38,8.75,1.3,6,9.4,1.44,2.63,1.43,2.7,1.47,2.7,1.44,2.6,1.41,2.68,-1.5,1.83,2.03,1.78,2.02,1.87,2.03,1.8,1.97,1.71,1.98,1.22,5.5,11,1.2,6,9.5,1.14,7,11,1.22,6.33,11.58,1.25,6,11,1.25,6.45,12.9,1.25,7,12.9,1.21,6.24,11.15,1.23,8,14,1.4,2.75,1.39,2.95,1.46,3,1.4,2.84,1.44,3.05,-2,2.03,1.83,2.05,1.8,2.08,1.85,2.01,1.81,1.98,1.86
SC1,21/12/2024,15:00,Livingston,Ayr,0,1,A,0,1,A,D Williams,7,3,2,3,10,10,12,3,2,6,0,0,1.95,3.4,3.5,1.98,3.2,3.3,2,3.4,3.5,2.09,3.27,3.55,2.1,3.2,3.6,2.04,3.28,3.48,2.1,3.4,3.6,2.03,3.28,3.5,2.14,3.15,3.75,2.2,1.65,2.11,1.7,2.2,1.7,2.12,1.66,2.12,1.75,-0.5,2.03,1.83,2.09,1.73,2.09,1.83,2.02,1.76,2.14,1.81,1.95,3.4,3.5,1.95,3.25,3.3,1.95,3.3,3.4,2.12,3.18,3.78,2.1,3.2,3.6,2.06,3.58,3.69,2.12,3.58,3.78,2.04,3.27,3.52,2.14,3.25,4,2.2,1.65,2.36,1.61,2.36,1.65,2.26,1.61,2.46,1.62,-0.25,1.73,2.08,1.81,2.05,1.85,2.14,1.76,2.04,1.81,2.11
SC1,21/12/2024,15:00,Morton,Dunfermline,2,0,H,1,0,H,D McFarlane,7,10,4,3,17,13,2,2,3,2,0,1,3,3.1,2.3,2.9,2.95,2.25,3,3.1,2.45,3.2,2.97,2.41,3,3,2.45,3.07,3.05,2.33,3.2,3.1,2.45,3.04,3.02,2.37,3.2,2.86,2.6,2.38,1.53,2.46,1.53,2.65,1.57,2.41,1.52,2.44,1.53,0.25,1.83,2.03,1.79,2.05,1.83,2.08,1.77,2,1.79,2.17,3,3,2.38,2.95,2.9,2.3,3,2.8,2.4,3.16,2.8,2.66,3,2.9,2.5,3.15,3.15,2.5,3.16,3.15,2.66,3.04,2.95,2.45,3.25,2.92,2.7,2.5,1.5,2.69,1.48,2.82,1.5,2.59,1.47,2.78,1.51,0.25,1.78,2.1,1.69,2.22,1.8,2.22,1.75,2.07,1.75,2.24
SC1,27/12/2024,19:45,Dunfermline,Falkirk,3,3,D,1,1,D,C Steven,6,8,5,5,11,14,3,6,2,3,0,0,5,3.7,1.62,4.8,3.3,1.63,5,3.8,1.6,5.39,3.73,1.66,5,3.4,1.73,5.14,3.62,1.64,5.39,3.8,1.73,5.03,3.59,1.65,5.8,4,1.69,2.15,1.67,2.18,1.7,2.24,1.73,2.13,1.67,2.24,1.73,0.75,2,1.85,1.98,1.88,2.03,1.92,1.92,1.86,2.05,1.88,5,3.6,1.62,5,3.4,1.6,5,3.3,1.62,5.37,3.74,1.66,5,3.6,1.7,5.48,3.81,1.69,6,3.81,1.7,5.26,3.62,1.63,6,3.75,1.75,2.2,1.65,2.24,1.67,2.24,1.74,2.15,1.66,2.26,1.75,0.75,1.98,1.88,1.97,1.88,2.07,1.9,1.97,1.84,1.97,2.01
SC1,28/12/2024,15:00,Ayr,Morton,0,0,D,0,0,D,D Nicolson,8,3,3,2,12,7,8,2,3,1,0,0,1.53,4.1,4.75,1.51,3.75,5.25,1.55,4.2,5.5,1.51,3.96,6.35,1.62,3.6,5.8,1.55,3.82,5.71,1.62,4.2,6.35,1.54,3.89,5.64,1.62,4,6.6,2.05,1.75,2.02,1.79,2.05,1.79,2,1.75,2.02,1.79,-1,2,1.85,1.95,1.87,2.06,1.87,1.95,1.83,2.02,1.79,1.42,4.5,5.25,1.41,4.33,5.75,1.36,4.2,7,1.46,4.28,7.27,1.44,4.6,6,1.55,4.84,5.38,1.55,4.84,7.27,1.45,4.35,6.14,1.49,4.6,8.4,1.73,2.08,1.78,2.06,1.89,2.08,1.78,1.98,1.88,2.12,-1.25,2.03,1.83,2.07,1.8,2.07,1.85,2.02,1.78,2.11,1.79
SC1,28/12/2024,15:00,Hamilton,Airdrie Utd,3,2,H,2,2,D,D Robertson,20,13,5,6,14,6,7,2,1,1,0,0,1.8,3.6,3.5,1.83,3.4,3.5,1.91,3.75,3.75,1.85,3.81,3.77,1.95,3.5,3.7,1.85,3.64,3.74,1.95,3.81,3.77,1.86,3.63,3.65,1.87,3.65,4,1.75,2.05,1.75,2.06,1.81,2.06,1.74,2.02,1.77,2.04,-0.5,1.88,1.98,1.86,1.96,1.97,1.98,1.88,1.89,1.87,2,1.75,3.75,3.5,1.8,3.6,3.5,1.75,3.5,3.9,1.85,3.82,3.99,1.91,3.6,3.8,1.86,4.07,3.93,1.96,4.07,3.99,1.83,3.73,3.73,1.9,3.8,4.5,1.62,2.25,1.65,2.26,1.66,2.3,1.62,2.22,1.73,2.3,-0.5,1.83,2.03,1.85,2,1.86,2.03,1.82,1.95,1.92,2.06
SC1,28/12/2024,15:00,Partick,Queens Park,2,1,H,1,1,D,L Wilson,10,8,5,3,7,8,6,11,3,3,0,0,1.75,3.9,3.5,1.73,3.5,3.8,1.75,3.9,4.2,1.76,3.72,4.28,1.85,3.5,4,1.78,3.64,4.07,1.85,3.9,4.28,1.77,3.71,4.01,1.79,3.7,4.6,1.83,2.03,1.84,1.97,1.87,2.03,1.82,1.93,1.8,2.02,-0.75,2.03,1.83,2.02,1.81,2.05,1.83,2,1.77,2.05,1.83,1.6,4.2,4,1.6,4,4.2,1.6,3.8,4.75,1.67,4,4.86,1.62,4.2,4.6,1.72,4.51,4.3,1.72,4.51,4.86,1.64,4.04,4.44,1.73,4.1,5.2,1.65,2.2,1.67,2.24,1.76,2.24,1.66,2.15,1.74,2.26,-0.75,1.83,2.03,1.86,1.99,1.86,2.05,1.81,1.98,1.9,2.03
SC1,28/12/2024,15:00,Raith Rvs,Livingston,2,1,H,2,0,H,E Anderson,4,6,2,3,14,9,2,2,4,5,0,0,2.8,3.2,2.25,2.75,3,2.35,2.9,3.2,2.4,3.01,3.2,2.38,3,3,2.45,2.96,3.08,2.38,3.1,3.3,2.45,2.94,3.13,2.34,3.2,3.1,2.36,2.35,1.57,2.36,1.58,2.38,1.63,2.31,1.56,2.34,1.51,0.25,1.8,2.05,1.78,2.05,1.8,2.07,1.75,2,1.84,1.99,3.1,3.25,2.1,3.2,3,2.1,3.5,2.88,2.1,3.7,3.02,2.23,3.3,3.1,2.25,3.43,3.47,2.19,3.7,3.47,2.25,3.31,3.15,2.17,3.95,3.2,2.24,2.35,1.57,2.39,1.58,2.44,1.64,2.32,1.57,2.46,1.65,0.25,1.98,1.88,1.96,1.88,2.03,1.89,1.92,1.86,2.04,1.91
SC1,31/12/2024,15:00,Morton,Partick,2,1,H,0,0,D,R Lee,10,8,4,2,8,7,1,4,2,1,0,0,3.5,3.3,2,3.4,3.25,1.93,3.75,3.4,2,3.9,3.24,1.99,3.75,3.3,2,3.73,3.38,1.93,3.9,3.4,2.01,3.64,3.3,1.96,4,3.4,1.99,2.1,1.7,2.05,1.76,2.1,1.76,2.02,1.73,2.04,1.77,0.5,1.8,2.05,1.82,2.01,1.82,2.05,1.79,1.98,1.86,1.99,3.5,3.25,2,3.25,3.2,1.98,3.8,3.1,1.95,3.89,3.23,2.06,3.75,3.3,1.95,3.69,3.43,2.11,3.9,3.43,2.11,3.61,3.23,2.02,4,3.35,2.18,2.15,1.67,2.19,1.69,2.22,1.73,2.12,1.68,2.22,1.79,0.5,1.8,2.05,1.8,2.07,1.83,2.07,1.79,2,1.82,2.14
SC1,04/01/2025,15:00,Ayr,Raith Rvs,3,0,H,3,0,H,C Steven,11,1,6,0,7,15,5,3,0,0,0,0,1.83,3.6,3.8,1.82,3.25,3.8,1.85,3.3,4.33,1.83,3.32,4.48,1.91,3.2,4.2,1.82,3.35,4.27,1.91,3.6,4.48,1.84,3.36,4.1,1.85,3.25,4.8,2.3,1.6,2.26,1.63,2.3,1.65,2.24,1.6,2.46,1.55,-0.5,1.88,1.98,1.85,1.97,1.88,1.98,1.84,1.92,1.85,2.08,1.9,3.3,3.9,1.85,3,4,1.8,3,4.6,1.9,3.29,4.53,1.95,3.1,4.2,1.99,3.46,4.09,1.99,3.46,4.6,1.9,3.21,4.16,1.93,3.3,5.1,2.38,1.53,2.45,1.56,2.55,1.57,2.46,1.51,2.6,1.59,-0.5,1.93,1.93,1.91,1.94,1.94,1.94,1.89,1.88,1.93,2.01
SC1,04/01/2025,15:00,Partick,Dunfermline,1,4,A,1,3,A,S Kirkland,5,11,2,7,7,11,8,5,0,4,0,0,1.73,4.1,3.6,1.72,3.3,4.2,1.75,3.8,4.2,1.76,3.54,4.53,1.8,3.4,4.6,1.75,3.5,4.46,1.82,4.1,4.6,1.75,3.58,4.27,1.75,3.4,4.2,2.08,1.73,2.08,1.72,2.12,1.73,2.05,1.71,2.08,1.71,-0.75,2.03,1.83,2.03,1.81,2.11,1.83,1.99,1.78,2.01,1.77,1.95,3.25,3.9,1.83,3.1,4,1.85,3.3,3.9,1.94,3.31,4.24,2,3.2,3.9,2.03,3.38,4.05,2.03,3.5,4.4,1.92,3.26,4,1.99,3.4,4.5,2.25,1.62,2.31,1.63,2.34,1.63,2.26,1.6,2.32,1.68,-0.5,1.98,1.88,1.95,1.89,1.98,1.98,1.91,1.87,1.99,1.96
SC1,04/01/2025,15:00,Queens Park,Livingston,2,0,H,1,0,H,P Stuart,9,17,4,6,10,11,5,6,1,3,1,0,2.9,3.6,2.1,2.95,3.2,2.1,3.2,3.3,2.2,3.33,3.19,2.21,3.2,3.2,2.25,3.21,3.3,2.14,3.33,3.6,2.25,3.13,3.3,2.16,3.3,3.35,2.2,2.05,1.8,2.05,1.76,2.05,1.8,2.01,1.75,2.02,1.77,0.25,1.93,1.93,1.91,1.91,1.93,1.93,1.87,1.87,1.99,1.93,3.4,3.5,1.95,3.2,3.25,1.98,3.6,3.25,1.91,3.8,3.38,2.03,3.5,3.3,2.1,3.58,3.69,2.06,3.8,3.69,2.1,3.49,3.39,2,4,3.6,2.06,1.98,1.88,1.96,1.87,2.06,1.88,1.97,1.79,2.06,1.86,0.5,1.85,2,1.82,2.04,1.85,2.05,1.79,2,1.9,2.07
SC1,10/01/2025,19:45,Hamilton,Partick,1,2,A,0,0,D,I Snedden,10,11,6,4,12,7,5,4,0,2,0,0,2.9,3.6,2.1,2.9,3.4,2.05,3,3.5,2.2,3.22,3.52,2.19,3.1,3.4,2.2,3.08,3.5,2.12,3.22,3.6,2.21,3.03,3.46,2.15,3.4,3.55,2.26,1.75,2.05,1.78,2.06,1.78,2.1,1.74,2.01,1.84,2.08,0.25,1.93,1.93,1.94,1.91,1.94,1.93,1.89,1.88,1.97,1.96,2.8,3.6,2.15,2.8,3.3,2.15,3,3.5,2.2,3.27,3.47,2.2,3,3.6,2.2,3.08,3.82,2.23,3.27,3.82,2.23,3.04,3.47,2.17,3.3,3.8,2.26,1.73,2.08,1.77,2.07,1.8,2.1,1.75,2.02,1.8,2.18,0.25,1.88,1.98,1.94,1.91,1.94,1.98,1.9,1.9,2,1.98
SC1,11/01/2025,15:00,Falkirk,Queens Park,0,0,D,0,0,D,C Graham,16,7,6,4,7,12,8,7,0,1,0,0,1.38,4.33,7.5,1.36,4.5,6.5,1.33,5,8.5,1.35,5,7.26,1.4,4.5,7,1.37,4.75,7.04,1.4,5.3,8.5,1.36,4.78,7.22,1.36,4.4,6.6,1.57,2.35,1.52,2.47,1.57,2.5,1.53,2.38,1.53,2.36,-1.25,1.83,2.03,1.81,2.01,1.83,2.03,1.8,1.95,1.79,1.94,1.4,4.2,7,1.36,4.5,6.5,1.33,5,8,1.36,5.03,8.05,1.4,4.6,7,1.42,4.71,8.41,1.42,5.3,8.41,1.36,4.75,7.48,1.4,5.2,8.2,1.53,2.38,1.53,2.52,1.6,2.52,1.53,2.42,1.58,2.58,-1.25,1.83,2.03,1.81,2.05,1.87,2.05,1.82,1.99,1.8,2.07
SC1,14/01/2025,19:45,Dunfermline,Ayr,0,2,A,0,0,D,N Walsh,6,7,3,3,7,11,8,4,1,2,0,0,3.3,2.63,2.38,3.2,2.7,2.3,3.3,2.8,2.4,3.64,2.63,2.54,3.25,2.75,2.5,3.47,2.61,2.43,3.64,2.9,2.54,3.36,2.69,2.39,3.65,2.86,2.54,3,1.36,2.92,1.4,3,1.43,2.82,1.39,2.88,1.47,0.25,1.8,2.05,1.79,2.09,1.8,2.09,1.76,2.01,1.86,2.05,3.25,2.6,2.4,3.2,2.7,2.3,3.2,2.6,2.45,3.45,2.64,2.63,3.3,2.62,2.5,3.48,2.78,2.57,3.55,2.85,2.63,3.35,2.66,2.45,3.45,2.82,2.7,2.75,1.4,2.83,1.43,3.01,1.43,2.79,1.41,2.96,1.49,0.25,1.75,2.13,1.73,2.17,1.82,2.17,1.76,2.05,1.78,2.22
SC1,14/01/2025,19:45,Livingston,Airdrie Utd,2,1,H,1,1,D,D McFarlane,10,2,5,2,16,16,11,4,5,4,0,0,1.33,4.5,8,1.31,4.6,7.5,1.3,5,9.5,1.3,5.27,10.21,1.33,4.8,8,1.35,4.95,7.19,1.35,5.5,10.21,1.31,4.99,8.37,1.34,5.3,10.5,1.7,2.1,1.73,2.13,1.76,2.13,1.7,2.08,1.73,2.26,-1.5,2,1.85,2.03,1.83,2.03,1.85,1.98,1.81,1.95,1.88,1.33,4.75,7.5,1.29,5,7.75,1.2,5.5,10.5,1.32,5.13,9.67,1.29,5.5,9,1.33,5.6,9.44,1.35,5.6,10.5,1.3,5.09,8.8,1.33,5.6,12,1.67,2.15,1.69,2.19,1.7,2.2,1.66,2.16,1.72,2.32,-1.5,2,1.85,2.04,1.83,2.04,1.92,1.95,1.86,1.94,1.87
SC1,25/01/2025,15:00,Airdrie Utd,Dunfermline,3,0,H,2,0,H,D Williams,12,12,7,2,7,12,5,5,1,3,0,0,4.1,3.25,1.83,3.8,3.3,1.78,4.2,3.5,1.85,3.9,3.51,1.89,4,3.25,1.91,3.89,3.34,1.9,4.2,3.65,1.91,3.94,3.42,1.86,4.1,3.3,2,2.15,1.63,2.15,1.68,2.15,1.7,2.11,1.67,1.98,1.59,0.5,1.95,1.9,1.91,1.91,1.98,1.91,1.91,1.86,1.98,2,3.9,3.25,1.85,3.5,3.2,1.88,4,3.4,1.9,3.92,3.58,1.93,3.8,3.2,2,3.68,3.3,1.97,4,3.6,2,3.74,3.39,1.92,3.9,3.4,2.04,2.1,1.7,2.12,1.74,2.15,1.74,2.1,1.68,2.24,1.73,0.5,1.9,1.95,1.91,1.94,1.92,1.97,1.87,1.93,1.86,2.04
SC1,25/01/2025,15:00,Ayr,Partick,2,1,H,2,0,H,P Stuart,6,9,4,3,9,7,2,5,1,2,1,0,1.95,3.3,3.4,1.95,3.2,3.3,2,3.4,3.75,2,3.41,3.66,2.05,3.3,3.5,1.97,3.42,3.55,2.05,3.42,3.75,1.99,3.35,3.51,2.04,3.35,3.9,2.03,1.83,1.99,1.82,2.03,1.83,1.97,1.79,2.2,1.81,-0.5,2.03,1.83,2.02,1.81,2.03,1.83,2,1.79,2.07,1.86,1.67,3.6,4.33,1.65,3.5,4.4,1.67,3.5,5,1.75,3.67,4.77,1.75,3.5,4.8,1.71,3.58,4.61,1.75,3.7,5,1.71,3.58,4.57,1.75,3.75,5.2,1.98,1.88,1.97,1.86,2,1.88,1.94,1.82,1.99,1.89,-0.75,1.95,1.9,1.99,1.86,1.99,1.95,1.93,1.84,1.95,1.94
SC1,25/01/2025,15:00,Livingston,Hamilton,3,0,H,2,0,H,E Anderson,9,2,6,1,11,7,8,5,3,1,0,0,1.48,4,5.5,1.46,4.1,5.5,1.47,4.33,6.5,1.5,4.13,6.09,1.5,4,6,1.47,4.2,6.1,1.57,4.33,6.5,1.49,4.13,5.76,1.5,4,5.7,1.8,2,1.81,2.01,1.81,2.05,1.76,1.99,1.75,2,-1,1.85,2,1.88,1.93,1.88,2,1.83,1.93,1.8,1.91,1.53,3.9,5.25,1.49,3.9,5.25,1.5,4.1,6,1.59,3.93,5.85,1.55,3.9,6,1.54,3.9,5.66,1.6,4.2,6.25,1.54,3.91,5.64,1.59,4.1,5.9,1.88,1.98,1.88,1.95,1.88,2.02,1.82,1.93,1.9,2.04,-1,1.98,1.88,2.04,1.82,2.04,1.93,1.94,1.86,1.94,1.87
SC1,25/01/2025,15:00,Queens Park,Morton,1,2,A,1,0,H,S McLean,14,8,2,2,7,2,15,1,2,0,0,0,1.85,3.3,3.8,1.85,3.2,3.6,1.91,3.4,4,1.89,3.43,4,1.91,3.3,4,1.88,3.42,3.87,1.95,3.5,4,1.89,3.37,3.86,1.97,3.4,4,2.05,1.75,2.05,1.75,2.1,1.75,2.03,1.73,2.04,1.72,-0.5,1.93,1.93,1.91,1.91,1.93,1.93,1.89,1.87,1.97,2.01,1.9,3.25,3.7,1.9,3.2,3.6,1.9,3.4,4,2.01,3.27,4.02,1.95,3.3,3.9,1.92,3.38,3.77,2.1,3.4,4.02,1.96,3.27,3.8,2.04,3.35,4.5,2.08,1.73,2.06,1.8,2.1,1.8,2.06,1.72,2.14,1.78,-0.5,2,1.85,2.02,1.84,2.02,1.87,1.96,1.84,2.04,1.92
SC1,25/01/2025,15:00,Raith Rvs,Falkirk,0,2,A,0,1,A,C Scott,8,7,3,4,8,15,7,5,1,2,0,0,4.2,3.6,1.7,4.33,3.5,1.68,4.75,3.75,1.7,4.6,3.68,1.72,4.6,3.5,1.75,4.56,3.6,1.71,4.75,3.75,1.75,4.47,3.63,1.7,4.7,3.55,1.71,2.03,1.83,1.99,1.82,2.08,1.83,1.96,1.8,2,1.79,0.75,1.88,1.98,1.86,1.95,1.88,2,1.82,1.92,1.89,1.92,3.9,3.5,1.75,4,3.3,1.73,4.33,3.5,1.8,4.61,3.6,1.79,4.4,3.4,1.83,4.32,3.5,1.77,4.61,3.6,1.83,4.28,3.48,1.78,4.9,3.6,1.92,2.08,1.73,2.07,1.77,2.08,1.78,2.02,1.74,2.18,1.78,0.75,1.78,2.03,1.82,2.05,1.82,2.05,1.77,2,1.78,2.18
SC1,28/01/2025,19:45,Hamilton,Raith Rvs,0,3,A,0,3,A,D Nicolson,3,13,1,6,18,11,5,8,4,0,0,0,2.75,3.1,2.5,2.55,3.1,2.4,2.75,3.2,2.5,2.86,3.06,2.69,2.75,3.2,2.5,2.66,3.3,2.44,2.86,3.3,2.69,2.75,3.1,2.53,2.88,3.2,2.7,2.05,1.75,2.06,1.78,2.06,1.8,2,1.76,2.1,1.81,0,2.03,1.83,1.99,1.87,2.04,1.87,1.98,1.81,2.02,1.87,2.9,3.1,2.3,2.75,3.1,2.3,2.88,3.1,2.4,2.98,3.14,2.53,2.9,3.2,2.4,3.22,3.3,2.37,3.22,3.3,2.6,2.91,3.11,2.41,3.05,3.35,2.58,2,1.85,2.03,1.82,2.11,1.85,2.01,1.76,2.04,1.89,0.25,1.8,2.05,1.73,2.15,1.85,2.16,1.76,2.07,1.78,2.21
SC1,31/01/2025,19:45,Falkirk,Livingston,1,2,A,0,2,A,G Grainger,13,7,7,3,11,16,7,4,2,5,0,0,1.7,3.4,4.75,1.68,3.4,4.2,1.7,3.6,4.75,1.75,3.64,4.86,1.75,3.4,4.75,1.72,3.52,4.61,1.75,3.64,4.86,1.73,3.53,4.6,1.77,3.5,5.3,2.03,1.83,1.97,1.86,2.06,1.86,1.95,1.82,2.02,1.85,-0.75,1.95,1.9,1.98,1.88,2,1.91,1.94,1.83,1.99,1.9,1.7,3.4,4.5,1.66,3.4,4.4,1.73,3.4,5,1.74,3.65,4.89,1.73,3.4,5,1.81,3.62,4.8,1.81,3.65,5,1.73,3.53,4.65,1.83,3.6,5.5,2.03,1.83,1.97,1.86,2.1,1.86,1.97,1.81,2.04,1.87,-0.75,1.98,1.88,1.97,1.88,2,1.93,1.95,1.85,2.05,1.87
SC1,01/02/2025,15:00,Airdrie Utd,Queens Park,2,1,H,1,0,H,I Snedden,13,8,5,3,8,11,12,6,3,1,0,1,3,3.5,2.1,3.1,3.25,2.05,3.2,3.5,2.1,3.11,3.67,2.12,3.25,3.3,2.2,3.15,3.4,2.12,3.3,3.75,2.2,3.11,3.52,2.1,3.15,3.65,2.14,1.88,1.98,1.85,1.96,1.95,1.98,1.83,1.91,1.78,1.98,0.25,2,1.85,1.95,1.86,2,1.86,1.91,1.82,1.98,1.89,2.75,3.7,2.2,2.6,3.4,2.25,2.88,3.6,2.25,2.82,3.86,2.29,2.8,3.4,2.3,2.89,3.89,2.31,3,3.89,2.31,2.81,3.66,2.24,2.92,3.85,2.44,1.65,2.2,1.66,2.24,1.71,2.24,1.66,2.16,1.74,2.26,0.25,1.85,2,1.84,2.02,1.87,2.02,1.82,1.99,1.85,2.13
SC1,01/02/2025,15:00,Dunfermline,Raith Rvs,3,1,H,0,1,A,G Irvine,6,9,4,3,7,14,4,1,1,2,0,0,2.55,3,2.75,2.4,2.95,2.7,2.63,3,2.8,2.52,3.21,2.8,2.6,3,2.8,2.52,3.02,2.76,2.63,3.21,2.8,2.51,3.09,2.76,2.44,3.15,2.74,2.5,1.5,2.53,1.5,2.64,1.53,2.5,1.49,2.3,1.43,0,1.83,2.03,1.81,2.02,1.83,2.03,1.79,1.97,1.75,2.02,2.38,2.88,3.1,2.35,2.87,2.85,2.4,2.8,3,2.49,3,3.18,2.5,2.88,3.1,2.5,3.03,3.26,2.5,3.05,3.26,2.43,2.93,3.07,2.62,2.98,3.35,2.75,1.4,2.92,1.4,3.01,1.43,2.81,1.4,2.92,1.5,-0.25,2.1,1.78,2.11,1.77,2.11,1.8,2.07,1.75,2.18,1.8
SC1,01/02/2025,15:00,Hamilton,Ayr,0,2,A,0,0,D,M MacDermid,3,7,3,4,13,12,2,7,0,1,0,0,3.9,3.75,1.75,3.8,3.5,1.75,4.2,3.8,1.75,4.18,3.69,1.79,4,3.6,1.75,4.11,3.62,1.78,4.4,3.8,1.81,4.09,3.67,1.76,4.2,3.65,1.81,1.88,1.98,1.85,1.96,1.88,1.98,1.82,1.92,1.86,1.95,0.5,2.05,1.8,2.03,1.8,2.05,1.8,1.99,1.78,2.06,1.81,4.33,3.9,1.65,4.4,3.7,1.61,4.75,3.5,1.62,4.67,3.97,1.7,4,3.6,1.75,4.57,4.11,1.74,5.07,4.11,1.75,4.52,3.81,1.68,5,4.1,1.74,1.83,2.03,1.79,2.04,1.97,2.05,1.82,1.96,1.86,2.06,0.75,2,1.85,1.94,1.91,2.02,1.92,1.93,1.87,2.01,1.93
SC1,01/02/2025,15:00,Partick,Morton,2,2,D,0,1,A,C Graham,12,6,3,5,12,14,7,2,2,3,0,0,1.62,3.5,5.25,1.61,3.6,4.5,1.67,3.75,5,1.64,4,4.71,1.7,3.5,5,1.64,3.65,5.04,1.7,4,5.25,1.64,3.77,4.8,1.69,4.1,5.2,1.93,1.93,1.91,1.89,1.93,1.96,1.87,1.88,1.91,1.91,-0.75,1.85,2,1.84,1.99,1.92,2,1.84,1.91,1.88,2,1.7,3.3,4.75,1.7,3.4,4.2,1.67,3.5,4.6,1.78,3.6,4.67,1.75,3.4,4.8,1.81,3.51,5.05,1.81,3.76,5.05,1.73,3.54,4.62,1.83,3.65,5.2,2.03,1.83,2.05,1.79,2.1,1.89,1.98,1.79,2.06,1.85,-0.75,2,1.85,2.02,1.83,2.02,1.89,1.95,1.85,2.06,1.86
SC1,08/02/2025,15:00,Falkirk,Partick,5,2,H,3,2,H,R Hardie,20,5,10,2,7,12,9,3,0,2,0,1,1.5,3.9,5.75,1.53,3.9,4.8,1.55,4,5.5,1.53,4.14,5.51,1.6,3.9,5.5,1.54,4.1,5.27,1.6,4.2,5.75,1.54,4,5.3,1.52,4.1,4.3,1.73,2.08,1.72,2.09,1.73,2.1,1.71,2.05,1.62,1.94,-1,1.95,1.9,1.93,1.88,2.07,1.9,1.93,1.83,1.8,1.76,1.53,3.8,5.5,1.52,3.9,4.8,1.53,4,6,1.59,4.08,5.52,1.6,3.9,5,1.63,4.02,5.82,1.63,4.25,6,1.55,3.97,5.38,1.61,4.2,6.2,1.73,2.08,1.75,2.1,1.89,2.12,1.73,2.06,1.79,2.16,-1,1.98,1.88,2,1.85,2.01,1.9,1.94,1.85,2,1.87
SC1,15/02/2025,15:00,Falkirk,Ayr,2,2,D,1,2,A,S McLean,10,7,4,3,9,9,4,3,2,1,0,0,1.9,3.5,3.9,,,,1.85,3.6,4,1.88,3.57,3.91,1.91,3.5,3.9,1.84,3.58,3.86,1.98,3.75,4.35,1.87,3.51,3.78,1.89,3.55,4,1.88,1.98,1.88,1.92,1.88,2,1.81,1.92,1.9,1.45,-0.5,1.93,1.93,1.89,1.93,1.93,2.05,1.85,1.88,1.89,1.9,1.73,3.7,4.5,,,,1.73,3.6,4,1.79,3.82,4.28,1.8,3.6,4.2,1.78,3.83,4.65,1.8,3.88,4.65,1.76,3.67,4.16,1.86,3.9,4.5,1.83,2.03,1.85,1.98,1.97,2.03,1.81,1.95,1.89,2.02,-0.75,2,1.85,2.05,1.82,2.05,1.86,2,1.8,2.1,1.83
SC1,15/02/2025,15:00,Livingston,Dunfermline,0,0,D,0,0,D,D Nicolson,5,8,1,2,15,12,8,6,3,3,0,0,1.7,3.75,4.75,,,,1.67,3.5,5.5,1.63,3.54,5.64,1.73,3.4,5,1.65,3.52,5.19,1.75,3.75,5.7,1.67,3.46,5.1,1.67,3.45,4.8,2.25,1.62,2.28,1.62,2.3,1.62,2.24,1.59,2.14,1.58,-0.75,1.93,1.93,1.85,1.97,1.94,1.97,1.88,1.86,1.84,1.9,1.6,3.9,5.25,,,,1.5,3.8,7,1.6,3.53,6.82,1.6,3.6,6,1.66,4.03,5.43,1.66,4.03,7,1.57,3.59,6.14,1.57,4,8,2.2,1.65,2.27,1.65,2.34,1.67,2.22,1.62,2.38,1.67,-1,2.05,1.75,2.14,1.74,2.14,1.8,2.05,1.74,2.15,1.74
SC1,15/02/2025,15:00,Morton,Airdrie Utd,2,2,D,1,1,D,R Lee,5,11,2,4,13,13,3,10,2,4,0,0,1.95,3.4,3.9,,,,2,3.4,3.6,2,3.53,3.5,1.95,3.4,3.7,1.95,3.5,3.53,2.01,3.58,3.9,1.96,3.41,3.52,2.14,3.45,3.55,1.88,1.98,1.89,1.91,1.9,1.98,1.86,1.87,2.06,1.93,-0.5,2,1.85,2.02,1.81,2.02,1.85,1.96,1.78,2.14,1.8,2.25,3.2,3.3,,,,1.91,3.3,3.6,2.23,3.39,3.26,2.05,3.3,3.6,2.11,3.34,3.8,2.25,3.45,3.8,2.06,3.28,3.44,2.12,3.45,3.9,2.05,1.8,2.07,1.77,2.1,1.85,1.98,1.78,2.1,1.81,-0.25,1.93,1.93,1.93,1.93,1.93,2.1,1.8,2,1.82,2.13
SC1,15/02/2025,15:00,Queens Park,Hamilton,1,2,A,0,2,A,C Steven,11,9,4,6,5,11,6,6,0,1,0,0,2,3.4,3.8,,,,2,3.4,3.6,1.94,3.62,3.6,2,3.4,3.5,1.94,3.6,3.46,2,3.64,3.8,1.96,3.47,3.48,1.97,3.45,3.8,1.73,2.08,1.7,2.13,1.73,2.13,1.69,2.07,1.7,1.98,-0.5,2,1.85,1.96,1.86,2,1.86,1.95,1.79,1.97,1.96,2.1,3.3,3.6,,,,2,3.3,3.3,2.13,3.6,3.3,2.05,3.5,3.4,2.14,3.37,3.67,2.14,3.64,3.67,2.03,3.45,3.36,2.1,3.75,3.6,1.73,2.08,1.75,2.1,1.89,2.11,1.73,2.04,1.81,2.16,-0.25,1.83,2.03,1.85,2,1.85,2.08,1.78,2.02,1.84,2.12
SC1,15/02/2025,15:00,Raith Rvs,Partick,3,0,H,2,0,H,L Wilson,7,0,3,0,11,10,6,2,2,4,0,0,2.25,3.3,3.1,,,,2.25,3.3,3,2.21,3.2,3.32,2.3,3.1,3.2,2.17,3.24,3.19,2.3,3.3,3.32,2.2,3.17,3.15,2.2,3.25,3.3,2.1,1.7,2.14,1.7,2.15,1.71,2.09,1.68,2.16,1.7,-0.25,1.98,1.88,1.9,1.92,1.98,1.92,1.89,1.85,1.89,1.98,1.9,3.4,4,,,,1.87,3.25,3.9,1.99,3.27,4.09,1.91,3.3,4.2,1.91,3.61,4.23,1.99,3.61,4.23,1.88,3.31,4.04,1.99,3.55,4.2,2.2,1.65,2.3,1.63,2.32,1.72,2.13,1.67,2.2,1.77,-0.5,1.93,1.93,2,1.85,2,1.93,1.89,1.86,2,1.94
SC1,18/02/2025,19:45,Morton,Hamilton,2,0,H,1,0,H,E Anderson,5,5,2,1,5,2,14,14,0,1,0,0,2.15,3.25,3.2,,,,2.05,3.3,3.4,2.23,3.22,3.43,2.25,3.2,3.2,2.13,3.32,3.21,2.25,3.35,3.43,2.15,3.23,3.27,2.2,3.2,3.65,2.03,1.83,2.05,1.79,2.05,1.83,1.99,1.77,2.06,1.82,-0.25,1.93,1.93,1.91,1.94,1.94,1.98,1.86,1.91,1.88,2.02,2.2,3,3.4,,,,2.15,3.1,3.4,2.32,3.01,3.48,2.3,2.9,3.4,2.24,3.13,3.7,2.32,3.13,3.7,2.23,2.98,3.37,2.34,3.2,3.65,2.3,1.6,2.3,1.63,2.32,1.66,2.23,1.61,2.32,1.71,-0.25,1.95,1.9,1.97,1.88,1.97,1.95,1.91,1.88,1.98,1.96
SC1,21/02/2025,19:45,Morton,Falkirk,0,2,A,0,2,A,D McFarlane,2,12,1,5,13,12,2,10,3,1,0,0,6.5,3.4,1.55,,,,6.5,3.7,1.53,6.36,3.8,1.57,6,3.6,1.6,6.1,3.78,1.53,6.75,4,1.6,6.06,3.69,1.55,7.2,3.85,1.6,2.15,1.67,2.21,1.68,2.25,1.74,2.14,1.66,2.18,1.74,1,1.83,2.03,1.83,2.03,1.92,2.04,1.8,1.97,1.8,2.05,7,3.6,1.48,,,,7,3.9,1.5,6.74,4.02,1.52,7,3.8,1.5,7.41,3.81,1.57,7.41,4.02,1.57,6.71,3.85,1.49,7,4.1,1.57,2.1,1.7,2.13,1.73,2.32,1.74,2.11,1.69,2.16,1.79,1,2,1.85,1.94,1.91,2.04,1.91,1.93,1.84,1.91,1.94
SC1,22/02/2025,15:00,Ayr,Livingston,1,2,A,0,1,A,D Robertson,4,9,2,3,11,13,2,4,1,2,0,0,2.25,3.3,2.8,,,,2.38,3.3,2.88,2.39,3.25,2.95,2.45,3,3,2.38,3.1,2.95,2.45,3.3,3,2.34,3.17,2.9,2.3,3.05,3.4,2.3,1.6,2.34,1.58,2.34,1.61,2.27,1.58,2.34,1.52,-0.25,2.05,1.8,2.07,1.77,2.07,1.8,2.01,1.75,1.98,1.91,2.35,3.2,2.8,,,,2.3,3,3.2,2.52,3.05,3.08,2.5,3,3,2.49,3.38,2.96,2.52,3.38,3.2,2.37,3.08,2.99,2.62,3.05,3.15,2.35,1.57,2.46,1.55,2.53,1.57,2.37,1.55,2.5,1.61,-0.25,2.1,1.78,2.14,1.74,2.14,1.81,2.04,1.76,2.2,1.77
SC1,22/02/2025,15:00,Dunfermline,Queens Park,0,0,D,0,0,D,E Anderson,10,3,1,1,7,12,4,2,1,0,0,0,2,3.7,3.1,,,,2.1,3.5,3.3,2.1,3.21,3.58,2.15,3.2,3.4,2.06,3.3,3.41,2.15,3.7,3.58,2.08,3.24,3.38,1.95,3.25,3.45,2.08,1.73,2.1,1.72,2.1,1.75,2.05,1.71,1.94,1.6,-0.25,1.8,2.05,1.81,2.01,1.83,2.05,1.79,1.96,1.7,2.12,2.05,3.4,3.4,,,,1.95,3.4,3.6,2.05,3.25,3.92,2.05,3.25,3.7,2.09,3.54,3.65,2.09,3.54,3.92,2.01,3.27,3.62,2.08,3.25,4,2.08,1.73,2.11,1.75,2.21,1.75,2.06,1.71,2.14,1.79,-0.5,2.05,1.75,2.06,1.81,2.06,1.84,1.99,1.77,2.08,1.83
SC1,22/02/2025,15:00,Partick,Airdrie Utd,1,1,D,1,0,H,D Dickinson,11,8,4,3,13,11,2,5,4,3,0,0,1.7,3.8,4.2,,,,1.73,3.9,4.4,1.72,4.01,4.13,1.7,3.75,4.4,1.71,3.82,4.26,1.74,4.1,4.4,1.7,3.87,4.14,1.73,3.6,4.5,1.67,2.15,1.69,2.13,1.69,2.2,1.66,2.12,1.58,2,-0.75,1.93,1.93,1.95,1.87,1.95,1.95,1.89,1.85,1.93,1.9,1.8,3.75,3.8,,,,1.7,3.9,4.33,1.85,3.94,3.89,1.73,3.7,4,1.89,3.93,3.98,1.89,4.1,4.33,1.77,3.8,3.92,1.85,3.95,4.1,1.65,2.2,1.71,2.16,1.71,2.2,1.66,2.15,1.71,2.26,-0.75,2.03,1.78,2.09,1.77,2.09,1.86,1.99,1.8,2.09,1.81
SC1,22/02/2025,15:00,Raith Rvs,Hamilton,2,0,H,1,0,H,R Hardie,9,0,7,0,12,12,5,0,1,2,0,0,1.62,3.9,4.5,,,,1.62,4,5,1.62,3.98,4.9,1.67,3.8,5,1.6,3.96,4.89,1.67,4,5,1.62,3.86,4.76,1.62,3.65,4.7,1.73,2.08,1.72,2.1,1.8,2.1,1.71,2.04,1.64,2.28,-0.75,1.83,2.03,1.81,2.01,1.9,2.03,1.79,1.95,1.79,2.02,1.53,4,5.5,,,,1.53,4,5.5,1.55,3.99,6.28,1.55,3.8,6,1.61,4.18,5.75,1.61,4.18,6.71,1.53,3.88,5.84,1.6,4.1,6.4,2.03,1.83,2.03,1.82,2.1,1.85,1.95,1.81,2.04,1.9,-1,1.95,1.9,1.98,1.88,2.07,1.91,1.94,1.83,2.01,1.85
SC1,25/02/2025,19:45,Airdrie Utd,Raith Rvs,1,0,H,0,0,D,P Stuart,8,8,5,0,11,12,2,4,1,3,0,0,3.4,3.4,2.1,,,,3.4,3.4,2.05,3.48,3.54,2.08,3.4,3.3,2.1,3.37,3.38,2.04,3.48,3.54,2.1,3.35,3.37,2.05,3.45,3.5,2.16,1.93,1.93,1.98,1.86,1.98,1.93,1.91,1.84,2.04,1.84,0.25,2.03,1.83,2.06,1.81,2.06,1.83,1.97,1.78,2.03,1.88,3.6,3.1,2.15,,,,3.5,3.2,2.1,3.68,3.11,2.19,3.5,3.1,2.15,3.7,3.19,2.21,3.7,3.2,2.21,3.49,3.07,2.13,3.7,3.3,2.28,2.15,1.67,2.19,1.69,2.32,1.7,2.14,1.67,2.2,1.77,0.25,2,1.85,1.99,1.86,2.03,1.86,1.96,1.83,2.04,1.94
SC1,25/02/2025,19:45,Hamilton,Dunfermline,1,0,H,0,0,D,C Graham,14,9,5,3,12,9,7,6,3,2,0,0,2.8,3.1,2.55,,,,2.8,3,2.5,2.98,3.1,2.56,2.8,3.2,2.5,2.77,3.22,2.39,2.98,3.22,2.56,2.82,3.08,2.47,2.96,3.15,2.74,2.07,1.69,2.12,1.72,2.12,1.75,2.05,1.71,2.18,1.74,0,2.05,1.8,2.09,1.79,2.09,1.8,2.01,1.76,2.06,1.88,3.1,3.1,2.38,,,,3,3,2.4,3.24,3.02,2.44,3,3.1,2.4,3.19,3.19,2.45,3.24,3.19,2.45,3.04,3.05,2.37,3.15,3.2,2.58,2.1,1.7,2.19,1.69,2.32,1.78,2.1,1.69,2.18,1.77,0.25,1.8,2.05,1.8,2.07,1.83,2.08,1.77,2.03,1.78,2.18
SC1,25/02/2025,19:45,Livingston,Morton,3,2,H,3,1,H,G Grainger,10,6,6,5,11,8,8,8,1,0,0,0,1.41,4.5,6.25,,,,1.4,4.5,7,1.46,4.19,7.44,1.44,4,7.5,1.41,4.2,7.42,1.46,4.9,7.5,1.43,4.15,6.97,1.47,4,7.4,1.94,1.79,2.04,1.81,2.04,1.84,1.96,1.79,2.06,1.8,-1.25,2.03,1.83,2.12,1.75,2.12,1.83,2.03,1.74,2.14,1.76,1.45,4.5,6,,,,1.36,4.75,7,1.47,4.03,7.69,1.5,4,6.5,1.55,4.48,5.94,1.55,4.8,7.84,1.46,4.1,6.72,1.5,4.3,7.6,2,1.85,1.97,1.86,2.1,1.91,1.91,1.85,2.04,1.92,-1,1.8,2.05,1.82,2.05,1.86,2.1,1.78,2,1.82,2.04
SC1,28/02/2025,19:45,Partick,Livingston,1,1,D,1,0,H,R Lee,9,8,2,1,8,18,2,4,3,4,0,0,3.4,3.4,2.1,,,,3.5,3.25,2.05,3.72,3.26,2.1,3.4,3.2,2.15,3.51,3.34,2.01,3.74,3.4,2.21,3.44,3.19,2.09,3.8,3.4,2.14,2.08,1.73,2.09,1.75,2.09,1.75,2.04,1.72,2.12,1.79,0.25,2.05,1.8,2.06,1.81,2.08,1.81,1.99,1.77,2.12,1.83,3.8,3.6,1.91,,,,4.2,3.3,1.87,3.92,3.5,1.95,3.8,3.3,2,3.9,3.7,1.96,4.2,3.7,2,3.81,3.37,1.92,4.2,3.55,2,2.05,1.8,2.03,1.82,2.21,1.82,2.03,1.75,2.04,1.89,0.5,1.93,1.93,1.88,1.96,1.97,1.96,1.84,1.91,1.96,2
SC1,01/03/2025,15:00,Ayr,Airdrie Utd,4,1,H,3,0,H,E Anderson,18,10,8,4,13,13,9,8,1,2,0,0,1.48,4.75,5.75,,,,1.4,4.6,7,1.44,4.36,6.6,1.44,4.4,6,1.45,4.55,5.73,1.52,4.75,7.5,1.45,4.38,6.06,1.4,4.3,5.9,1.75,2.05,1.78,2.02,1.78,2.08,1.73,2.01,1.67,1.87,-1.25,2.05,1.8,2.07,1.77,2.12,1.83,2.01,1.75,1.89,1.66,1.53,4.5,5.5,,,,1.4,4.2,6,1.51,4.26,6.33,1.44,4.33,6,1.57,4.59,5.61,1.57,4.6,6.75,1.48,4.26,5.87,1.54,4.6,6.8,1.73,2.08,1.76,2.09,1.89,2.09,1.73,2.04,1.81,2.16,-1,1.85,2,1.87,1.99,1.87,2.07,1.8,1.98,1.86,2.01
SC1,01/03/2025,15:00,Dunfermline,Morton,2,1,H,0,1,A,D Williams,10,6,6,4,12,12,2,10,4,2,1,0,2.05,3.3,3.6,,,,2.1,3.3,3.6,2.07,3.16,3.75,2.1,3.1,3.7,2.03,3.18,3.63,2.1,3.35,3.81,2.04,3.12,3.62,2.2,3.35,3.7,2.35,1.57,2.39,1.56,2.39,1.58,2.34,1.55,2.36,1.59,-0.5,2.05,1.75,2.07,1.75,2.07,1.8,2.03,1.73,2.2,1.8,2,3.25,3.9,,,,1.95,3,3.9,2.08,2.98,4.26,2.1,3,3.75,2.06,3.34,4,2.1,3.35,4.26,2.04,3.02,3.87,2.12,3.2,4.3,2.38,1.53,2.57,1.52,2.63,1.53,2.46,1.51,2.64,1.55,-0.5,2.05,1.8,2.09,1.79,2.09,1.81,2.03,1.74,2.12,1.83
SC1,01/03/2025,15:00,Hamilton,Falkirk,2,2,D,2,1,H,G Irvine,11,14,5,6,11,10,2,13,2,1,0,0,5.5,4.33,1.55,,,,6,4.2,1.5,5.46,4.25,1.53,5.8,4,1.55,5.64,4.2,1.5,6.25,4.33,1.55,5.48,4.12,1.51,5.9,4.2,1.54,1.7,2.1,1.69,2.13,1.73,2.13,1.68,2.09,1.71,2.12,1,1.93,1.93,1.91,1.91,1.98,1.93,1.88,1.85,1.97,1.9,6,4.33,1.5,,,,6,4,1.44,6.27,4.32,1.5,6,4,1.5,6.16,4.45,1.54,6.27,4.45,1.54,5.84,4.14,1.49,7.4,4.3,1.53,1.8,2,1.79,2.04,1.97,2.08,1.78,1.98,1.82,2.12,1,2.03,1.83,2.02,1.84,2.03,1.9,1.94,1.83,2.03,1.88
SC1,01/03/2025,15:00,Raith Rvs,Queens Park,0,4,A,0,1,A,D McFarlane,3,7,2,6,10,13,4,0,0,2,0,0,1.75,3.7,4.5,,,,1.75,3.5,4.6,1.79,3.48,4.46,1.8,3.4,4.5,1.76,3.48,4.42,1.8,3.7,4.6,1.77,3.44,4.37,1.09,1.09,1.09,2.1,1.7,2.12,1.69,2.2,1.71,2.09,1.68,2.04,1.62,-0.75,2.05,1.8,2.05,1.75,2.07,1.81,2.01,1.74,1.94,1.8,1.83,3.5,4.33,,,,1.8,3.25,4.33,1.88,3.2,4.8,1.85,3.25,4.4,1.88,3.59,4.44,1.88,3.59,4.8,1.83,3.22,4.45,1.94,3.4,5.1,2.3,1.6,2.34,1.61,2.35,1.64,2.25,1.6,2.38,1.65,-0.5,1.83,2.03,1.88,1.96,1.88,2.03,1.83,1.91,1.93,2.04
SC1,04/03/2025,19:45,Airdrie Utd,Falkirk,0,3,A,0,2,A,I Snedden,9,18,3,5,12,5,3,13,1,0,0,0,6.25,3.8,1.48,,,,6.5,4,1.47,6.41,4.08,1.53,5.8,3.8,1.57,5.9,4.05,1.5,6.5,4.3,1.57,5.76,3.95,1.52,6.6,4.3,1.53,1.93,1.93,1.93,1.91,1.94,1.93,1.88,1.87,1.97,2,1,1.95,1.9,1.92,1.93,1.99,2.01,1.86,1.91,1.95,1.92,6.25,3.9,1.45,,,,7,4.33,1.44,6.31,4.43,1.49,6,4,1.5,6.67,4.16,1.55,7,4.43,1.55,6.16,4.16,1.47,7.6,4.6,1.5,1.73,2.08,1.74,2.12,1.89,2.12,1.75,2.01,1.78,2.22,1,2.05,1.8,2.04,1.83,2.11,1.85,1.98,1.8,2.09,1.8
SC1,04/03/2025,19:45,Queens Park,Ayr,2,3,A,0,0,D,L Wilson,6,11,3,6,4,8,4,6,3,2,0,0,3.2,3.2,2.15,,,,3.25,3.2,2.2,3.46,3.19,2.24,3.25,3.1,2.25,3.16,3.24,2.19,3.46,3.51,2.26,3.14,3.19,2.2,3.4,3.25,2.3,2.1,1.7,2.19,1.69,2.19,1.77,2.08,1.7,2.12,1.79,0.25,1.95,1.9,1.93,1.92,1.99,1.96,1.88,1.89,1.94,1.97,3.25,3.3,2.05,,,,3.6,3.4,2,3.51,3.37,2.13,3.3,3.25,2.15,3.5,3.6,2.12,3.6,3.6,2.15,3.37,3.31,2.07,3.6,3.65,2.14,2,1.85,2.01,1.83,2.14,1.92,1.97,1.79,2.04,1.87,0.25,2,1.85,2.02,1.84,2.05,1.85,1.98,1.81,2.08,1.86
SC1,05/03/2025,19:45,Livingston,Raith Rvs,0,0,D,0,0,D,C Scott,5,4,2,2,10,13,3,2,1,1,0,0,1.67,3.8,4.33,,,,1.73,3.75,4.75,1.66,3.61,5.21,1.75,3.4,4.5,1.64,3.68,5.04,1.75,3.8,5.4,1.67,3.58,4.8,1.74,3.6,4.7,2.05,1.75,2.05,1.75,2.15,1.77,2.02,1.72,2.3,1.75,-0.75,1.93,1.93,1.88,1.94,1.95,1.94,1.88,1.87,1.93,2.02,1.57,3.75,5.25,,,,1.55,3.5,6,1.64,3.41,6.63,1.62,3.5,6,1.67,3.99,5.32,1.67,3.99,6.63,1.59,3.56,5.93,1.66,3.8,6.8,2.35,1.57,2.46,1.56,2.47,1.63,2.3,1.58,2.42,1.69,-0.75,1.8,2.05,1.85,2.01,1.85,2.11,1.78,2.01,1.84,2.1
SC1,08/03/2025,15:00,Airdrie Utd,Hamilton,2,1,H,0,0,D,S McLean,10,10,6,3,9,9,7,8,2,1,0,0,2.38,3.3,2.7,,,,2.4,3.3,2.8,2.44,3.44,2.82,2.45,3.3,2.8,2.38,3.32,2.72,2.45,3.44,2.88,2.38,3.33,2.77,2.48,3.4,2.72,1.93,1.93,1.93,1.88,1.93,1.93,1.89,1.84,1.8,1.92,0,1.83,2.03,1.79,2.07,1.83,2.07,1.75,2.01,1.71,2,2.6,3.3,2.45,,,,2.63,3.3,2.55,2.75,3.54,2.48,2.62,3.25,2.6,2.75,3.49,2.59,2.75,3.54,2.7,2.62,3.36,2.49,2.92,3.55,2.5,1.93,1.93,1.91,1.93,2.06,1.93,1.9,1.85,1.93,1.98,0,2,1.85,2.03,1.83,2.03,1.88,1.94,1.84,2.14,1.84
SC1,08/03/2025,15:00,Falkirk,Dunfermline,1,0,H,1,0,H,C Scott,9,3,6,0,16,9,6,1,2,1,0,0,1.45,3.9,7,,,,1.4,4.33,7.5,1.43,4.51,7,1.4,4.33,7.5,1.38,4.5,7.4,1.45,4.51,7.5,1.41,4.35,6.88,1.38,1.23,6.2,1.83,2.03,1.82,2.01,1.83,2.05,1.76,1.98,1.7,1.86,-1.25,2.03,1.83,2.01,1.83,2.03,1.83,1.95,1.79,1.62,1.58,1.38,4.2,8,,,,1.33,4.5,8.5,1.38,4.66,8.51,1.36,4.5,8.5,1.37,4.91,9.93,1.38,4.91,9.93,1.36,4.54,8.16,1.4,5,10.5,1.8,2,1.73,2.13,1.97,2.13,1.78,1.98,1.76,2.2,-1.25,1.83,2.03,1.85,2.01,1.9,2.03,1.84,1.95,1.88,2.04
SC1,08/03/2025,15:00,Morton,Ayr,2,1,H,0,1,A,J Beaton,10,10,4,4,10,11,5,8,2,2,1,0,4,3.25,1.85,,,,4.1,3.25,1.91,4.2,3.35,1.92,4.2,3.1,1.95,4.08,3.3,1.87,4.3,3.35,1.95,4.06,3.25,1.89,3.85,3.2,1.94,2.25,1.58,2.24,1.63,2.3,1.63,2.22,1.6,2.1,1.53,0.5,1.93,1.93,1.91,1.93,1.93,1.93,1.87,1.87,1.92,1.94,3.9,3.2,1.9,,,,4.1,3.1,1.91,4.22,3.15,2.01,3.9,3.1,2.05,4.12,3.38,2.01,4.3,3.38,2.05,3.98,3.15,1.96,4.4,3.3,2.06,2.35,1.57,2.39,1.58,2.53,1.6,2.34,1.56,2.38,1.69,0.5,1.85,2,1.84,2.02,1.9,2.02,1.81,1.95,1.9,2.06
SC1,11/03/2025,19:45,Queens Park,Partick,0,2,A,0,1,A,R Hardie,6,7,1,4,11,12,2,6,0,4,0,0,2.55,3.25,2.5,,,,2.5,3.3,2.63,2.64,3.3,2.68,2.62,3.3,2.62,2.57,3.18,2.59,2.64,3.4,2.7,2.55,3.26,2.61,2.62,3.45,2.66,1.88,1.98,1.85,1.96,1.88,2,1.82,1.93,1.88,1.98,0,1.93,1.93,1.9,1.93,1.93,1.93,1.86,1.89,1.91,1.93,2.63,3.2,2.5,,,,2.63,3.3,2.5,2.79,3.3,2.57,2.62,3.3,2.5,2.7,3.49,2.64,2.79,3.49,2.7,2.63,3.29,2.53,2.84,3.55,2.68,1.98,1.88,1.99,1.85,1.99,2.01,1.85,1.92,1.93,2,0,1.98,1.88,2.01,1.85,2.01,2,1.93,1.87,2.04,1.93
SC1,14/03/2025,19:45,Raith Rvs,Dunfermline,2,0,H,1,0,H,R Hardie,6,6,3,3,15,14,4,4,0,3,0,0,2.1,2.9,3.7,,,,2.1,3,3.8,2.2,2.81,4.15,2.2,2.75,4,2.15,2.75,3.95,2.2,3.05,4.15,2.13,2.86,3.86,2.18,2.88,4.1,2.75,1.4,2.93,1.39,2.93,1.41,2.83,1.39,3,1.42,-0.25,1.85,2,1.83,2.02,1.87,2.03,1.8,1.96,1.83,2.05,2.15,3,3.5,,,,2.1,2.9,3.8,2.21,2.89,3.98,2.2,2.88,3.7,2.25,3.14,3.66,2.25,3.14,3.98,2.16,2.92,3.67,2.3,3.1,3.9,2.63,1.44,2.77,1.45,2.82,1.46,2.69,1.43,2.72,1.54,-0.25,1.85,2,1.85,2,1.89,2.04,1.83,1.95,1.93,2.04
SC1,15/03/2025,15:00,Airdrie Utd,Livingston,3,3,D,2,1,H,M MacDermid,9,11,6,3,11,10,3,6,2,2,0,0,4.5,3.8,1.65,,,,5,3.8,1.67,5.17,3.82,1.62,5,3.5,1.67,5.09,3.72,1.62,5.2,3.94,1.7,4.81,3.73,1.65,4.9,3.45,1.66,1.88,1.98,1.85,1.96,1.89,1.98,1.81,1.92,1.84,1.94,0.75,1.98,1.88,2.01,1.81,2.01,1.94,1.91,1.83,1.95,1.85,4.5,3.8,1.65,,,,5,3.8,1.67,5.01,3.86,1.68,5,3.5,1.67,4.74,4,1.74,5.1,4,1.74,4.82,3.74,1.66,5.2,4,1.73,1.88,1.98,1.85,1.98,2.06,1.98,1.85,1.9,1.86,2.08,0.75,2,1.85,1.97,1.88,2.02,1.88,1.94,1.84,2,1.92
SC1,15/03/2025,15:00,Hamilton,Morton,0,2,A,0,0,D,I Snedden,11,7,3,3,12,13,7,5,0,1,0,0,2.2,3.4,2.88,,,,2.25,3.3,3,2.39,3.16,3.04,2.3,3.2,3,2.32,3.14,3,2.39,3.4,3.05,2.28,3.23,2.99,2.38,3.1,3.1,2.15,1.67,2.19,1.65,2.2,1.8,2.11,1.67,2.16,1.68,-0.25,2,1.85,2.06,1.78,2.06,1.85,1.95,1.79,2.04,1.84,2.15,3.4,3,,,,2.2,3.3,3.1,2.27,3.26,3.3,2.25,3.1,3.25,2.27,3.58,3.17,2.27,3.58,3.3,2.2,3.25,3.15,2.32,3.25,3.5,2.1,1.7,2.14,1.72,2.32,1.72,2.12,1.67,2.2,1.73,-0.25,1.95,1.9,1.95,1.9,1.97,1.92,1.91,1.87,1.96,1.98
SC1,15/03/2025,15:00,Partick,Ayr,2,0,H,2,0,H,L Wilson,5,4,3,0,14,10,3,5,5,1,0,0,3,3.5,2.05,,,,3.2,3.4,2.15,3.23,3.38,2.17,3.3,3.2,2.2,3.18,3.3,2.15,3.3,3.6,2.2,3.15,3.34,2.14,3.6,3.25,2.14,2.05,1.75,2.03,1.79,2.08,1.88,1.98,1.76,2.02,1.78,0.25,1.98,1.88,1.93,1.89,1.98,1.89,1.89,1.85,2.1,1.84,2.8,3.4,2.2,,,,3,3.4,2.2,3.27,3.08,2.39,3.3,3.2,2.2,3.05,3.71,2.28,3.3,3.71,2.39,3.08,3.3,2.21,3.2,3.25,2.42,2.05,1.75,2.1,1.75,2.1,1.8,1.98,1.77,2.04,1.85,0.25,1.85,2,1.83,2.03,1.89,2.03,1.85,1.93,1.84,2.07
SC1,15/03/2025,15:00,Queens Park,Falkirk,0,4,A,0,1,A,D Nicolson,1,23,0,9,15,8,0,9,3,1,0,0,4.5,4,1.57,,,,5,4.2,1.57,4.76,4.12,1.61,5,3.8,1.62,5.03,3.94,1.59,5.4,4.5,1.63,4.82,4.04,1.59,5.2,4.1,1.64,1.75,2.05,1.78,2,1.79,2.07,1.75,1.99,1.76,2.04,1,1.8,2.05,1.74,2.07,1.84,2.07,1.74,2,1.77,2.05,5.25,4.33,1.48,,,,6,4,1.5,6.05,4.55,1.49,5.8,3.9,1.57,5.56,4.59,1.57,6.08,4.59,1.57,5.63,4.2,1.51,7.2,4.4,1.52,1.75,2.05,1.77,2.07,1.89,2.07,1.77,1.99,1.76,2.14,1,2.03,1.83,2.06,1.81,2.06,1.98,1.93,1.85,2.01,1.82
SC1,21/03/2025,19:45,Partick,Raith Rvs,0,0,D,0,0,D,C Scott,8,3,3,1,12,10,9,2,3,2,0,0,2.25,2.88,3.4,,,,2.2,2.8,3.7,2.32,3,3.5,2.4,2.75,3.2,2.29,2.85,3.39,2.4,3,3.6,2.28,2.89,3.38,2.34,3,3.95,2.63,1.44,2.64,1.49,2.8,1.49,2.61,1.45,2.66,1.54,-0.25,1.98,1.88,1.96,1.89,2.02,1.89,1.92,1.83,1.96,2,2.2,2.9,3.4,,,,2.1,2.88,3.9,2.24,3,3.71,2.25,2.88,3.5,2.32,3.06,3.59,2.32,3.06,3.9,2.21,2.95,3.51,2.26,3.05,4.1,2.5,1.5,2.56,1.52,2.7,1.52,2.53,1.49,2.48,1.62,-0.25,1.9,1.95,1.89,1.96,1.92,1.97,1.88,1.91,1.89,2.06
SC1,22/03/2025,15:00,Ayr,Hamilton,1,1,D,0,0,D,C Graham,14,11,3,4,12,11,9,5,2,5,0,0,1.6,3.7,5.25,,,,1.6,3.8,5.5,1.65,3.87,4.83,1.67,3.75,5,1.64,3.82,4.79,1.67,4.1,5.5,1.62,3.85,4.93,1.66,3.9,5.4,1.85,2,1.85,1.94,1.85,2,1.8,1.94,1.73,1.45,-0.75,1.83,2.03,1.85,1.96,1.85,2.03,1.78,1.95,1.8,1.96,1.6,3.7,5.25,,,,1.57,3.5,5.5,1.66,3.85,5.22,1.62,3.7,5.5,1.68,3.88,5.5,1.68,3.93,5.5,1.61,3.79,5.23,1.68,3.95,6,1.88,1.98,1.9,1.93,2.06,2.07,1.88,1.89,1.91,2,-0.75,1.8,2.05,1.85,2.01,1.85,2.08,1.78,2.02,1.86,2.09
SC1,22/03/2025,15:00,Falkirk,Airdrie Utd,2,0,H,0,0,D,E Anderson,13,10,7,8,10,17,9,2,3,2,0,0,1.22,5.5,11,,,,1.17,7,13,1.19,6.7,11.51,1.2,6,13,1.17,6.7,12.7,1.22,7.1,13,1.19,6.35,11.31,1.23,6,10.5,1.44,2.63,1.42,2.74,1.45,2.88,1.41,2.69,1.39,2.84,-1.75,1.78,2.03,1.72,2.11,1.86,2.13,1.74,2.01,1.74,2.02,1.2,6,12,,,,1.14,6.5,12,1.19,7.11,12.29,1.2,6.5,13,1.23,6.92,13.3,1.23,7.11,13.3,1.2,6.45,11.65,1.21,7.6,17,1.44,2.63,1.4,2.89,1.5,2.89,1.43,2.71,1.43,3,-2,2,1.85,1.93,1.9,2.12,1.9,2,1.8,1.92,1.92
SC1,22/03/2025,15:00,Morton,Queens Park,2,1,H,1,0,H,P Stuart,16,7,8,3,8,9,8,4,2,4,0,0,2.45,3,2.88,,,,2.55,3.1,2.88,2.55,3.1,2.86,2.5,3,2.8,2.45,3.04,2.83,2.55,3.15,3,2.47,3.07,2.84,2.48,3.25,3,2.25,1.62,2.28,1.62,2.3,1.63,2.23,1.6,2.26,1.65,0,1.78,2.1,1.8,2.03,1.8,2.1,1.76,2.01,1.74,2.12,2.3,3.1,3,,,,2.3,2.9,3,2.46,2.93,3.32,2.3,3,3.3,2.42,3.26,3.16,2.46,3.26,3.32,2.31,3.02,3.2,2.5,3.2,3.35,2.2,1.65,2.27,1.65,2.34,1.65,2.23,1.62,2.24,1.71,-0.25,2.05,1.8,2.07,1.8,2.08,1.9,1.97,1.82,2.11,1.87
SC1,25/03/2025,19:45,Livingston,Falkirk,1,0,H,0,0,D,N Walsh,8,8,5,4,15,15,1,4,3,3,0,0,2.8,3.2,2.5,,,,3.25,3.1,2.25,2.92,3.19,2.51,2.9,3.1,2.45,2.88,3.1,2.42,3.25,3.2,2.51,2.93,3.14,2.4,3.1,3.3,2.52,2.15,1.67,2.2,1.67,2.2,1.69,2.14,1.66,2.2,1.7,0,2.05,1.8,2.08,1.78,2.1,1.8,2.06,1.74,2.23,1.76,3,3.2,2.38,,,,3.1,2.88,2.4,3.35,2.92,2.45,3.1,3,2.4,3.09,3.3,2.45,3.35,3.3,2.5,3.06,2.99,2.42,3.55,3.05,2.54,2.2,1.65,2.26,1.65,2.34,1.65,2.23,1.62,2.28,1.72,0.25,1.8,2.05,1.81,2.06,1.82,2.13,1.75,2.05,1.89,2.07
SC1,25/03/2025,19:45,Morton,Raith Rvs,3,3,D,1,2,A,L Wilson,7,13,3,4,12,9,4,1,3,3,0,0,2.63,2.9,2.88,,,,2.63,2.9,2.8,2.69,2.86,3.01,2.75,2.8,2.8,2.61,2.84,2.83,2.75,3,3.01,2.64,2.89,2.81,2.66,2.9,3.05,2.5,1.5,2.55,1.51,2.55,1.53,2.47,1.5,2.62,1.5,0,1.85,2,1.81,2.04,1.87,2.04,1.83,1.95,1.79,2.06,2.7,2.8,2.9,,,,2.63,2.8,2.88,2.81,2.82,2.95,,,,2.86,2.91,2.91,2.86,2.91,3,2.71,2.8,2.87,2.94,2.94,3,2.75,1.4,2.85,1.42,3.01,1.45,2.76,1.41,2.82,1.52,0,1.85,2,1.88,1.97,1.89,2,1.84,1.96,1.94,2
SC1,29/03/2025,15:00,Ayr,Dunfermline,3,0,H,1,0,H,I Snedden,11,2,3,0,13,13,3,4,1,1,0,1,1.73,3.5,5,,,,1.75,3.5,4.5,1.74,3.64,4.73,,,,1.71,3.45,4.81,1.76,3.75,5,1.73,3.53,4.61,1.73,3.65,4.9,2.05,1.75,2.03,1.76,2.05,1.78,2,1.75,2.04,1.8,-0.75,2,1.85,1.99,1.85,2,1.85,1.95,1.8,1.82,1.87,1.91,3.2,4.33,,,,1.8,3.3,4.5,1.89,3.21,4.72,,,,1.91,3.34,4.67,1.91,3.5,4.72,1.85,3.26,4.38,1.93,3.2,5.5,2.25,1.62,2.27,1.65,2.32,1.69,2.18,1.64,2.36,1.65,-0.5,1.93,1.93,1.9,1.95,1.93,1.97,1.85,1.93,1.93,2.06
SC1,29/03/2025,15:00,Hamilton,Raith Rvs,0,3,A,0,1,A,D McFarlane,8,12,6,7,13,9,5,2,2,2,0,0,2.75,3,2.8,,,,2.75,3,2.63,2.66,3.16,2.77,,,,2.65,3.1,2.57,2.85,3.2,2.8,2.69,3.08,2.62,2.58,3.1,2.88,2.3,1.6,2.38,1.57,2.38,1.61,2.27,1.59,2.36,1.61,0,1.9,1.95,1.88,1.96,1.93,1.96,1.9,1.87,1.81,2.02,2.8,2.8,2.9,,,,2.55,3,2.88,2.76,3.02,2.81,,,,2.66,3.13,2.94,2.8,3.15,2.94,2.58,3.01,2.82,2.8,3.05,2.96,2.63,1.44,2.69,1.47,2.69,1.53,2.52,1.49,2.66,1.57,0,1.88,1.98,1.91,1.94,1.91,2.03,1.82,1.98,1.88,2.02
SC1,29/03/2025,15:00,Morton,Partick,0,1,A,0,0,D,C Graham,15,9,5,2,10,11,5,2,2,1,0,0,3.1,3.1,2.4,,,,3,3,2.4,3.1,3.05,2.46,,,,3.03,2.99,2.4,3.1,3.1,2.46,3.05,3.03,2.38,3.15,2.96,2.44,2.25,1.62,2.37,1.58,2.37,1.62,2.27,1.59,2.34,1.61,0.25,1.8,2.05,1.76,2.1,1.8,2.1,1.75,2,1.79,2.07,2.9,2.9,2.7,,,,2.9,2.9,2.55,2.95,2.92,2.72,,,,3.01,2.96,2.74,3.1,3,2.74,2.92,2.9,2.58,2.94,2.92,2.84,2.5,1.5,2.67,1.48,2.67,1.5,2.57,1.48,2.72,1.52,0,2,1.85,2.01,1.85,2.11,1.85,2.01,1.79,2.01,1.9
SC1,02/04/2025,19:45,Dunfermline,Livingston,1,0,H,1,0,H,G Irvine,5,4,4,2,13,13,2,4,3,4,0,0,3.5,3.25,2,,,,3.8,3.2,2,4.04,3.1,2.01,,,,3.81,3.28,1.94,4.04,3.35,2.06,3.72,3.18,2.01,4,3.15,2.02,2.2,1.65,2.25,1.63,2.3,1.65,2.22,1.61,2.08,1.64,0.5,1.8,2.05,1.8,2.03,1.8,2.05,1.76,2.01,1.79,2.02,3.4,3.25,2,,,,3.8,3.1,2,3.87,3.03,2.16,,,,3.61,3.46,2.13,3.87,3.46,2.16,3.64,3.15,2.06,4.1,3.25,2.12,2.3,1.6,2.4,1.58,2.4,1.62,2.27,1.59,2.3,1.69,0.25,2.03,1.83,2.03,1.83,2.08,1.83,2.03,1.78,2.19,1.81
SC1,02/04/2025,19:45,Queens Park,Airdrie Utd,0,5,A,0,3,A,D Robertson,6,14,1,10,10,13,1,5,3,1,0,0,2.1,3.75,2.9,,,,2.1,3.6,3.1,2.22,3.6,2.96,,,,2.19,3.45,2.98,2.22,3.75,3.15,2.14,3.52,3,2.26,3.5,3,1.83,2.03,1.81,2.01,1.83,2.03,1.78,1.97,1.79,2,-0.25,1.93,1.93,1.95,1.87,1.95,1.93,1.87,1.86,2.01,1.86,2.3,3.75,2.6,,,,2.3,3.6,2.7,2.4,3.72,2.74,,,,2.37,3.95,2.77,2.41,3.95,2.9,2.31,3.58,2.74,2.52,3.8,2.88,1.73,2.08,1.76,2.08,1.89,2.08,1.76,2.02,1.77,2.18,-0.25,2.05,1.8,2.1,1.76,2.1,1.84,2.03,1.78,2.19,1.81
SC1,05/04/2025,15:00,Airdrie Utd,Partick,2,1,H,0,0,D,G Soutar,10,9,7,6,12,16,4,5,1,4,0,0,3.1,3.3,2.15,,,,3,3.5,2.2,3.12,3.35,2.24,,,,3.11,3.26,2.2,3.25,3.5,2.24,3.14,3.35,2.16,2.72,3.05,2.2,1.85,2,1.83,1.98,1.85,2,1.8,1.95,1.71,2.1,0.25,1.93,1.93,1.88,1.94,1.93,1.94,1.87,1.86,1.94,1.88,3,3.3,2.25,,,,2.9,3.3,2.15,3.11,3.43,2.29,,,,3.13,3.44,2.35,3.25,3.5,2.35,3.1,3.41,2.18,3.3,3.7,2.24,1.73,2.08,1.83,2.02,1.89,2.13,1.76,2.02,1.78,2.16,0.25,1.85,2,1.87,1.98,1.94,2.02,1.88,1.91,1.97,1.95
SC1,05/04/2025,15:00,Dunfermline,Hamilton,0,1,A,0,1,A,E Anderson,10,5,3,3,12,15,8,1,3,4,0,0,1.9,3.75,3.4,,,,1.95,3.5,3.75,1.95,3.43,3.77,,,,1.89,3.35,3.93,1.95,3.75,3.95,1.91,3.43,3.77,2,1.09,3.05,2.15,1.67,2.2,1.66,2.2,1.69,2.14,1.65,2.02,1.58,-0.5,1.98,1.88,1.97,1.85,1.98,1.91,1.91,1.85,2,1.94,1.85,3.7,3.4,,,,1.9,3.4,3.6,1.93,3.32,4.3,,,,1.98,3.94,3.62,1.98,3.94,4.3,1.9,3.43,3.88,2.02,3.4,4.1,2.15,1.67,2.23,1.67,2.32,1.67,2.18,1.65,2.2,1.74,-0.5,1.93,1.93,1.93,1.93,1.94,1.93,1.9,1.88,2.03,1.9
SC1,05/04/2025,15:00,Falkirk,Morton,5,0,H,3,0,H,G Irvine,15,4,8,2,11,15,2,5,0,4,0,0,1.29,4.75,9.5,,,,1.25,5.5,10.5,1.27,5.43,9.74,,,,1.25,5.3,10.6,1.3,5.5,10.6,1.27,5.16,9.52,1.26,3.8,8.6,1.7,2.1,1.7,2.11,1.7,2.2,1.67,2.11,1.61,1.96,-1.5,1.9,1.95,1.9,1.92,1.96,1.95,1.87,1.88,1.78,1.8,1.29,4.75,9.5,,,,1.22,5,9.5,1.26,5.8,10.83,,,,1.25,5.35,10.5,1.3,5.8,11,1.27,5.23,9.72,1.26,5.9,14.5,1.67,2.15,1.68,2.22,1.75,2.22,1.65,2.17,1.68,2.3,-1.5,1.88,1.98,1.86,1.99,1.96,1.99,1.86,1.92,1.82,2.01
SC1,05/04/2025,15:00,Livingston,Queens Park,3,0,H,3,0,H,D McFarlane,15,2,6,1,14,16,6,1,2,1,0,0,1.42,4,7,,,,1.4,4.4,8,1.41,4.34,7.24,,,,1.42,4.15,7.32,1.45,4.7,8.5,1.41,4.27,7.28,1.44,3.15,6.6,1.9,1.95,1.89,1.91,1.9,1.95,1.85,1.89,1.76,1.78,-1.25,2.03,1.83,2.03,1.8,2.03,1.88,1.95,1.79,1.9,1.69,1.2,5.25,11,,,,1.18,5,13,1.24,5.59,13.3,,,,1.22,6.82,14.3,1.29,6.9,14.93,1.21,5.71,13.26,1.25,6,13.5,1.7,2.1,1.74,2.1,1.82,2.1,1.74,2.03,1.75,2.2,-1.75,1.95,1.9,1.96,1.88,2.15,1.92,1.93,1.85,1.78,1.78
SC1,05/04/2025,15:00,Raith Rvs,Ayr,1,0,H,0,0,D,C Graham,4,2,1,0,10,19,2,4,1,4,0,0,2.9,2.88,2.5,,,,3,2.88,2.55,3.09,2.79,2.61,,,,3.03,2.79,2.54,3.09,3,2.61,2.98,2.86,2.53,2.98,2.48,1.93,2.63,1.44,2.78,1.41,2.78,1.44,2.7,1.42,2.52,1.36,0,2.1,1.78,2.09,1.75,2.1,1.78,2.05,1.73,1.98,1.65,2.63,2.88,2.75,,,,2.7,2.8,2.63,2.78,2.93,2.87,,,,2.77,3.03,2.9,3.1,3.03,2.9,2.75,2.91,2.72,2.8,3,2.94,2.63,1.44,2.8,1.44,3.01,1.48,2.68,1.44,2.72,1.51,0,1.88,1.98,1.89,1.95,2.1,1.99,1.91,1.89,1.9,2
SC1,11/04/2025,19:45,Ayr,Falkirk,1,1,D,0,1,A,D Robertson,11,15,6,3,7,17,2,6,0,2,1,0,3.5,3.2,2.05,,,,3.7,3.1,2.05,3.69,3.21,2.14,,,,3.61,3.13,2.06,3.85,3.25,2.14,3.58,3.16,2.08,4.3,3.15,2.12,2.3,1.6,2.35,1.61,2.36,1.61,2.29,1.58,2.36,1.63,0.25,2.05,1.8,2.03,1.83,2.05,1.83,1.99,1.77,2.15,1.8,3.75,3.2,1.95,,,,3.6,3,2,4.26,3.29,1.95,,,,3.95,3.37,2.06,4.26,3.37,2.06,3.94,3.2,1.97,4.6,3.3,2.02,2.25,1.62,2.23,1.67,2.36,1.67,2.24,1.61,2.24,1.78,0.5,1.88,1.98,1.89,1.95,1.9,2,1.83,1.95,1.93,2
SC1,12/04/2025,15:00,Morton,Livingston,1,2,A,1,2,A,R Hardie,10,9,4,6,9,17,5,3,1,2,0,0,4.33,3.5,1.7,,,,4.6,3.5,1.75,4.77,3.58,1.72,,,,4.71,3.54,1.7,4.77,3.65,1.75,4.54,3.57,1.72,1.04,3.05,1.82,2.08,1.73,2.08,1.72,2.08,1.75,2.05,1.71,1.92,1.63,0.75,1.88,1.98,1.85,1.96,1.88,1.98,1.81,1.93,1.73,2,4.1,3.4,1.8,,,,4.33,3.5,1.8,4.56,3.42,1.85,,,,4.33,3.59,1.9,4.56,3.65,1.9,4.31,3.49,1.81,4.6,3.55,1.89,2.25,1.62,2.32,1.62,2.34,1.73,2.16,1.66,2.22,1.72,0.5,2,1.85,2,1.85,2.05,1.85,1.98,1.79,2.04,1.89
SC1,12/04/2025,15:00,Partick,Hamilton,1,2,A,0,2,A,D Nicolson,12,8,4,3,12,13,4,2,5,3,0,0,1.83,3.5,3.9,,,,1.85,3.5,4.2,1.83,3.5,4.2,,,,1.82,3.48,4.07,1.9,3.5,4.2,1.85,3.46,4,1.85,2.74,3.8,2,1.85,1.99,1.82,2,1.85,1.96,1.79,1.85,1.71,-0.5,1.88,1.98,1.85,1.98,1.9,1.98,1.86,1.91,1.85,1.84,1.83,3.5,3.9,,,,1.95,3.4,3.7,1.89,3.58,4.09,,,,1.93,3.67,4.09,1.96,3.67,4.09,1.9,3.48,3.86,1.94,3.65,4.1,2.03,1.83,2.01,1.83,2.1,1.83,1.99,1.79,2.06,1.86,-0.5,1.88,1.98,1.9,1.95,1.94,1.98,1.9,1.88,1.94,1.98
SC1,12/04/2025,15:00,Queens Park,Dunfermline,0,1,A,0,0,D,D Dickinson,5,12,1,5,15,11,4,5,2,4,0,0,3.25,3.3,2.05,,,,3.5,3.3,2.1,3.53,3.39,2.04,,,,3.45,3.34,2.03,3.53,3.41,2.12,3.38,3.33,2.06,3.55,3,2.06,2.05,1.75,2.07,1.74,2.07,1.75,2.03,1.73,2.08,1.76,0.25,2.03,1.83,2.06,1.78,2.06,1.84,1.96,1.78,2.03,1.78,3.7,3.2,1.95,,,,3.8,3.3,1.95,4.03,3.15,2.06,,,,3.91,3.38,2.06,4.03,3.42,2.1,3.75,3.22,2.02,4.3,3.3,2.04,2.38,1.53,2.45,1.56,2.53,1.71,2.3,1.59,2.46,1.61,0.5,1.8,2.05,1.8,2.07,1.83,2.1,1.77,2.03,1.92,2.04
SC1,12/04/2025,15:00,Raith Rvs,Airdrie Utd,1,1,D,1,1,D,R Lee,15,5,5,2,11,9,5,2,1,2,0,0,1.85,3.25,3.9,,,,1.91,3.3,4,1.93,3.09,4.44,,,,1.92,3.13,4.13,1.93,3.45,4.44,1.9,3.22,4.07,1.97,3.15,4.4,2.2,1.65,2.3,1.61,2.3,1.65,2.2,1.62,2.1,1.53,-0.5,1.93,1.93,1.94,1.88,1.94,1.93,1.9,1.86,1.97,1.94,2,3,3.9,,,,1.95,3.1,4,2.04,3.04,4.33,,,,2.1,3.16,4.1,2.1,3.2,4.33,2.03,3.03,4.01,2.12,3.1,4.4,2.63,1.44,2.72,1.47,2.82,1.64,2.6,1.47,2.78,1.53,-0.5,2.05,1.8,2.05,1.82,2.06,1.82,2.02,1.77,2.12,1.86
SC1,18/04/2025,19:45,Livingston,Ayr,5,0,H,3,0,H,S McLean,13,2,10,1,14,11,4,6,3,4,0,0,1.8,3.25,4.33,,,,1.91,3.3,4,1.81,3.43,4.41,,,,1.85,3.44,3.98,1.91,3.45,4.41,1.85,3.38,4.1,1.83,3.3,4.6,2.1,1.7,2.16,1.67,2.16,1.73,2.09,1.69,2.18,1.68,-0.5,1.85,2,1.83,2,1.9,2,1.85,1.91,1.83,2.03,2.1,3.1,3.4,,,,2.1,3,3.3,2.13,3.21,3.72,,,,2.16,3.27,3.73,2.17,3.27,3.73,2.13,3.16,3.45,2.12,3.3,3.95,2.15,1.67,2.26,1.65,2.32,1.67,2.21,1.63,2.22,1.74,-0.25,1.85,2,1.82,2.04,1.85,2.06,1.83,1.97,1.82,2.14
SC1,19/04/2025,15:00,Airdrie Utd,Morton,0,1,A,0,1,A,K Clancy,4,8,1,5,12,17,6,6,3,5,0,0,2.15,3.5,2.9,,,,2.15,3.5,3.1,2.24,3.27,3.19,,,,2.21,3.22,3.13,2.24,3.5,3.19,2.18,3.35,3.1,2.22,3.15,3.15,1.98,1.88,1.94,1.85,1.98,1.9,1.91,1.83,1.93,1.85,-0.25,1.93,1.93,1.93,1.87,1.93,1.93,1.88,1.86,,,1.85,3.75,3.4,,,,1.85,3.6,3.6,1.89,3.65,4.01,,,,1.86,3.6,3.74,1.93,3.75,4.01,1.89,3.62,3.68,1.91,4,4.1,1.88,1.98,1.93,1.9,1.93,2.06,1.8,1.96,1.82,2.08,-0.5,1.93,1.93,1.9,1.95,1.93,1.95,1.9,1.88,1.92,2.05
SC1,19/04/2025,15:00,Dunfermline,Partick,0,0,D,0,0,D,N Walsh,4,4,1,2,11,15,3,2,2,1,0,0,2.3,3.25,2.88,,,,2.3,3.3,3,2.42,3.03,3.11,,,,2.36,3.05,3.02,2.42,3.3,3.11,2.35,3.1,3.02,2.44,3.05,3.1,2.38,1.53,2.45,1.53,2.45,1.57,2.35,1.55,2.44,1.55,-0.25,2.05,1.8,2.06,1.76,2.06,1.8,1.99,1.76,,,2.35,3.1,2.88,,,,2.3,3,2.8,2.5,2.96,3.22,,,,2.4,3.05,2.96,2.55,3.15,3.22,2.4,3.03,2.99,2.5,3.15,3.35,2.5,1.5,2.63,1.49,2.63,1.57,2.41,1.53,2.54,1.58,-0.25,2.1,1.78,2.11,1.77,2.35,1.79,2.07,1.72,2.11,1.84
SC1,19/04/2025,15:00,Falkirk,Raith Rvs,1,3,A,1,0,H,R Hardie,9,7,5,5,14,16,6,4,3,5,1,0,1.53,3.5,6.25,,,,1.5,3.8,7,1.53,3.83,6.28,,,,1.53,3.68,6.35,1.56,3.85,7,1.53,3.75,6.1,1.53,3.75,1.04,2.15,1.67,2.09,1.71,2.15,1.73,2.09,1.69,1.99,1.68,-1,2,1.85,1.97,1.84,2.05,1.85,1.96,1.8,,,1.5,3.6,7,,,,1.4,3.9,7,1.5,3.94,7.39,,,,1.45,3.84,7.44,1.5,4,7.45,1.47,3.88,7.05,1.51,4.2,9,2.1,1.7,2.1,1.75,2.1,1.75,2.06,1.72,2.1,1.89,-1,1.85,2,1.88,1.97,1.88,2.01,1.83,1.95,1.87,1.98
SC1,19/04/2025,15:00,Hamilton,Queens Park,0,0,D,0,0,D,D Robertson,16,6,4,3,11,11,12,3,1,2,0,0,1.8,3.8,3.7,,,,1.8,3.75,4,1.74,3.61,4.58,,,,1.81,3.48,4.12,1.95,3.8,4.58,1.79,3.56,4.15,1.8,3.55,4.4,2.03,1.83,1.96,1.83,2.03,1.87,1.97,1.78,1.92,1.85,-0.5,1.78,2.03,1.74,2.08,1.92,2.08,1.79,1.98,,,1.65,4,4.2,,,,1.75,3.6,3.9,1.66,3.85,5.18,,,,1.7,3.64,4.56,2.04,4,5.18,1.74,3.67,4.43,1.71,3.95,5.3,1.95,1.9,1.93,1.9,1.98,1.9,1.93,1.82,2,1.9,-0.75,1.88,1.98,1.88,1.98,2.33,1.98,1.94,1.83,2.11,1.81
SC1,25/04/2025,19:45,Partick,Falkirk,2,1,H,1,1,D,M MacDermid,3,16,2,4,12,11,1,11,2,0,1,1,4.33,3.5,1.7,,,,4.75,3.6,1.7,4.8,3.67,1.75,,,,4.51,3.64,1.71,4.9,4,1.75,4.55,3.64,1.71,4.9,3.7,1.76,2,1.85,2.01,1.83,2.01,1.96,1.91,1.84,1.99,1.92,0.75,1.88,1.98,1.87,1.99,1.96,1.99,1.84,1.92,1.88,2,4.33,3.5,1.7,,,,4.6,3.5,1.67,4.53,3.82,1.75,,,,4.81,3.73,1.78,4.81,3.82,1.78,4.46,3.62,1.74,5.2,3.85,1.79,1.98,1.88,1.94,1.89,2.1,1.89,1.94,1.83,1.95,2,0.75,1.85,2,1.86,1.99,1.9,2.01,1.83,1.96,1.92,2.01
SC1,26/04/2025,15:00,Ayr,Queens Park,2,2,D,1,2,A,S Murdoch,10,3,5,3,11,8,9,1,1,3,0,0,1.5,3.9,5.75,,,,1.47,4.2,6.5,1.48,4.05,6.56,,,,1.48,3.94,6.52,1.53,4.2,6.56,1.49,3.97,6.27,1.51,4.1,6.6,2,1.85,1.95,1.85,2,1.85,1.94,1.81,1.82,1.73,-1,1.9,1.95,1.86,1.96,1.9,1.96,1.85,1.9,1.77,1.87,1.48,4.2,5.5,,,,1.4,4.5,6.5,1.47,4.43,6.67,,,,1.57,4.44,5.81,1.57,4.5,6.75,1.47,4.34,6.08,1.48,4.6,7,1.67,2.15,1.7,2.18,1.75,2.18,1.69,2.11,1.73,2.22,-1,1.8,2.05,1.77,2.09,1.82,2.09,1.77,2.03,1.77,2.12
SC1,26/04/2025,15:00,Dunfermline,Airdrie Utd,0,0,D,0,0,D,L Wilson,4,9,2,4,6,13,6,2,1,3,0,0,2,3.3,3.4,,,,2.1,3.3,3.6,2.07,3.21,3.67,,,,2.05,3.2,3.55,2.1,3.35,3.67,2.05,3.26,3.49,2.1,3.3,3.6,2.05,1.75,2.1,1.72,2.1,1.76,2.03,1.73,2.04,1.76,-0.25,1.75,2.05,1.79,2.05,1.82,2.05,1.76,1.98,1.66,2.04,1.9,3.4,3.6,,,,2,3.3,3.6,1.93,3.49,4.07,,,,2.02,3.6,3.81,2.07,3.6,4.07,1.94,3.43,3.74,1.96,3.5,4.3,2.03,1.83,2.04,1.81,2.1,1.83,2.01,1.77,2.06,1.83,-0.5,1.95,1.9,1.93,1.92,2.23,1.92,1.96,1.82,1.96,1.96
SC1,26/04/2025,15:00,Hamilton,Livingston,0,3,A,0,2,A,I Snedden,11,10,5,6,18,17,3,4,1,2,0,0,4.75,3.5,1.65,,,,4.75,3.9,1.67,4.88,4.11,1.6,,,,4.94,3.88,1.61,4.94,4.11,1.7,4.74,3.8,1.65,4.3,4,1.35,2.03,1.83,1.98,1.83,2.03,1.83,1.96,1.79,1.84,1.7,0.75,1.98,1.88,2.03,1.8,2.03,1.91,1.9,1.84,1.88,1.51,5.5,3.8,1.53,,,,5.5,4.33,1.5,5.5,4.42,1.54,,,,5.82,4.02,1.63,5.82,4.42,1.63,5.42,4.06,1.55,5.9,4.3,1.59,1.85,2,1.88,1.96,1.97,2,1.85,1.92,1.89,2.04,1,1.88,1.98,1.88,1.98,1.89,1.99,1.83,1.96,1.83,1.97
SC1,26/04/2025,15:00,Raith Rvs,Morton,1,1,D,1,1,D,C Graham,9,6,3,2,6,12,7,0,1,0,0,0,1.73,3.25,4.5,,,,1.75,3.3,5,1.75,3.31,5.06,,,,1.74,3.24,5.01,1.8,3.31,5.06,1.76,3.25,4.83,1.39,2.86,3.35,2.5,1.5,2.47,1.53,2.55,1.53,2.48,1.49,2.3,1.45,-0.75,2.05,1.8,2.04,1.79,2.08,1.8,2.03,1.73,1.6,1.78,1.5,3.6,6.25,,,,1.57,3.5,6.5,1.53,3.78,7.32,,,,1.6,3.84,6.66,1.6,3.84,7.32,1.54,3.65,6.68,1.56,4,7.8,2.5,1.5,2.47,1.55,2.63,1.58,2.47,1.51,2.52,1.59,-1,2.05,1.8,2.04,1.83,2.08,1.83,2.02,1.78,2.04,1.86
SC1,02/05/2025,19:45,Airdrie Utd,Ayr,0,1,A,0,1,A,S Kirkland,8,7,1,3,10,14,7,5,2,2,0,0,3.2,3.6,2,,,,3.3,3.6,2,3.28,3.68,2.01,,,,3.23,3.54,2.04,3.35,3.7,2.07,3.24,3.62,2.02,3.65,3.75,2.02,1.75,2.05,1.75,2.02,1.81,2.05,1.74,2.02,1.83,2.06,0.25,2.03,1.83,2.02,1.76,2.05,1.86,1.99,1.77,2.17,1.77,3.5,3.7,1.85,,,,3.6,3.7,1.8,3.62,3.82,1.9,,,,3.7,3.91,1.96,3.7,3.91,1.97,3.54,3.71,1.9,3.9,4,1.94,1.73,2.08,1.76,2.05,1.89,2.08,1.76,2.02,1.76,2.14,0.5,1.93,1.93,1.91,1.91,1.93,1.97,1.85,1.92,2.02,1.94
SC1,02/05/2025,19:45,Falkirk,Hamilton,3,1,H,1,1,D,S McLean,18,6,6,2,10,14,9,2,2,3,0,0,1.17,6,12,,,,1.15,7,15,1.16,6.92,13.13,,,,1.16,6.4,15,1.2,7,15,1.17,6.59,12.96,1.21,7.8,15.5,1.36,3,1.4,2.75,1.41,3,1.39,2.78,1.43,2.9,-2,1.83,2.03,1.9,1.86,1.94,2.03,1.87,1.88,1.85,1.85,1.17,6,12,,,,1.13,6.5,13,1.14,8.21,14.04,,,,1.18,7.83,15.7,1.18,8.21,17,1.15,7.34,14.13,1.21,7.8,19,1.36,3,1.34,3.09,1.4,3.3,1.35,3,1.38,3.3,-2.25,2.03,1.75,1.94,1.86,2.05,1.86,1.96,1.81,1.88,1.8
SC1,02/05/2025,19:45,Livingston,Partick,0,1,A,0,1,A,C Scott,11,2,4,0,17,15,5,2,3,3,0,0,1.67,4,4.1,,,,1.67,3.9,4.5,1.7,3.61,4.72,,,,1.7,3.68,4.51,1.73,4,4.72,1.69,3.74,4.57,1.74,3.95,4.9,1.93,1.93,1.88,1.88,1.93,1.93,1.89,1.86,1.91,2,-0.75,1.93,1.93,1.92,1.86,1.93,1.99,1.88,1.87,1.94,1.93,1.53,4.33,4.75,,,,1.44,4,5.5,1.53,3.8,6.52,,,,1.62,4.57,5.01,1.62,4.57,6.52,1.53,4.06,5.62,1.56,4.4,6.4,1.85,2,1.88,1.92,1.97,2.03,1.84,1.93,1.88,2.06,-1,1.95,1.9,1.95,1.87,1.99,1.9,1.92,1.86,1.95,1.91
SC1,02/05/2025,19:45,Morton,Dunfermline,2,0,H,2,0,H,A Grieve,7,10,4,3,15,13,8,3,2,3,0,0,2.6,3.25,2.5,,,,2.8,3.1,2.5,2.74,2.99,2.69,,,,2.79,2.97,2.53,2.88,3.25,2.69,2.75,3.03,2.58,2.78,3.05,2.64,2.38,1.53,2.45,1.52,2.63,1.53,2.49,1.48,2.48,1.57,0,1.98,1.88,1.91,1.88,1.98,1.91,1.94,1.83,1.95,1.89,2.63,3.3,2.45,,,,2.63,2.9,2.63,2.84,3.03,2.65,,,,2.7,3.49,2.64,2.88,3.49,2.65,2.72,3.13,2.58,2.84,3.15,2.84,2.35,1.57,2.44,1.54,2.44,1.57,2.37,1.55,2.38,1.65,0,2,1.85,1.98,1.85,2,1.94,1.94,1.85,1.96,1.94
SC1,02/05/2025,19:45,Queens Park,Raith Rvs,1,5,A,0,2,A,R Lee,6,25,3,11,11,11,4,5,1,0,0,0,5.75,4.5,1.44,,,,7,4.33,1.4,6.9,4.26,1.41,,,,6.81,4.15,1.44,7.1,4.5,1.47,6.65,4.19,1.44,7,4.5,1.5,1.93,1.93,1.91,1.85,2.05,1.93,1.92,1.83,2.04,1.92,1,2.08,1.73,2.09,1.7,2.09,1.82,2.03,1.74,2.06,1.82,7.5,5.5,1.29,,,,10,5,1.22,8.91,5.26,1.3,,,,8.58,6.29,1.32,10,6.29,1.32,8.97,5.28,1.29,11.5,5.9,1.32,1.73,2.08,1.76,2.05,1.89,2.2,1.73,2.06,1.71,2.3,1.5,1.98,1.88,1.92,1.9,1.99,1.98,1.9,1.87,2.04,1.89
