Div,Date,Time,HomeTeam,AwayTeam,FTHG,FTAG,FTR,HTHG,HTAG,HTR,HS,AS,HST,AST,HF,AF,HC,AC,HY,AY,HR,AR,B365H,B365D,B365A,BFDH,BFDD,BFDA,BMGMH,BMGMD,BMGMA,BVH,BVD,BVA,BWH,BWD,BWA,CLH,CLD,CLA,LBH,LBD,LBA,PSH,PSD,PSA,MaxH,MaxD,MaxA,AvgH,AvgD,AvgA,BFEH,BFED,BFEA,B365>2.5,B365<2.5,P>2.5,P<2.5,Max>2.5,Max<2.5,Avg>2.5,Avg<2.5,BFE>2.5,BFE<2.5,AHh,B365AHH,B365AHA,PAHH,PAHA,MaxAHH,MaxAHA,AvgAHH,AvgAHA,BFEAHH,BFEAHA,B365CH,B365CD,B365CA,BFDCH,BFDCD,BFDCA,BMGMCH,BMGMCD,BMGMCA,BVCH,BVCD,BVCA,BWCH,BWCD,BWCA,CLCH,CLCD,CLCA,LBCH,LBCD,LBCA,PSCH,PSCD,PSCA,MaxCH,MaxCD,MaxCA,AvgCH,AvgCD,AvgCA,BFECH,BFECD,BFECA,B365C>2.5,B365C<2.5,PC>2.5,PC<2.5,MaxC>2.5,MaxC<2.5,AvgC>2.5,AvgC<2.5,BFEC>2.5,BFEC<2.5,AHCh,B365CAHH,B365CAHA,PCAHH,PCAHA,MaxCAHH,MaxCAHA,AvgCAHH,AvgCAHA,BFECAHH,BFECAHA
D2,01/08/2025,19:30,Schalke 04,Hertha,2,1,H,2,0,H,14,9,6,3,19,12,5,10,7,1,1,0,2.9,3.5,2.3,2.75,3.4,2.25,2.8,3.3,2.4,2.88,3.4,2.3,2.9,3.5,2.35,2.75,3.25,2.25,2.75,3.25,2.25,2.95,3.5,2.45,2.95,3.55,2.45,2.83,3.39,2.33,3.05,3.7,2.44,1.6,2.3,1.65,2.34,1.65,2.34,1.59,2.24,1.67,2.46,0.25,1.78,2.03,1.83,2.07,1.83,2.07,1.73,1.96,1.86,2.11,2.9,3.5,2.25,2.75,3.4,2.25,2.85,3.35,2.35,2.9,3.5,2.25,2.95,3.5,2.3,2.8,3.25,2.2,2.8,3.25,2.2,3.08,3.6,2.32,3,3.55,2.4,2.87,3.4,2.29,3.15,3.65,2.42,1.6,2.3,1.65,2.35,1.64,2.3,1.59,2.23,1.72,2.36,0.25,1.83,1.98,1.88,2.02,1.83,2.07,1.75,1.92,1.9,2.08
D2,02/08/2025,12:00,Darmstadt,Bochum,4,1,H,2,1,H,20,10,7,3,12,14,5,8,2,3,0,0,2.2,3.6,3,2.15,3.4,2.88,2.14,3.6,3,2.15,3.6,2.88,2.2,3.7,3,2.1,3.4,2.87,2.1,3.4,2.87,2.27,3.61,3.11,2.27,3.7,3.11,2.17,3.54,2.96,2.32,3.8,3.15,1.58,2.25,1.64,2.29,1.64,2.29,1.58,2.25,1.67,2.34,-0.25,1.95,1.85,1.98,1.91,1.98,1.91,1.85,1.84,2.01,1.93,2.3,3.5,2.9,2.25,3.4,2.75,2.2,3.6,2.95,2.3,3.6,2.75,2.35,3.6,2.85,2.25,3.3,2.7,2.25,3.3,2.7,2.33,3.56,3.1,2.36,3.6,3,2.26,3.5,2.85,2.44,3.7,3.05,1.65,2.2,1.69,2.26,1.65,2.3,1.59,2.23,1.72,2.32,-0.25,2,1.8,2.02,1.88,2,1.85,1.89,1.78,2.13,1.87
D2,02/08/2025,12:00,Elversberg,Nurnberg,1,0,H,0,0,D,12,11,4,4,16,23,2,4,2,3,0,0,2.1,3.8,3.1,2.05,3.5,3,2,3.8,3.2,2.05,3.7,3,2.1,3.9,3,2.05,3.6,2.87,2.05,3.6,2.87,2.17,3.77,3.2,2.17,3.9,3.3,2.06,3.71,3.08,2.2,4,3.3,1.53,2.4,1.56,2.5,1.56,2.5,1.51,2.41,1.58,2.54,-0.25,1.85,1.95,1.91,1.98,1.91,2.01,1.75,1.95,1.92,2.05,1.91,3.7,3.7,1.95,3.5,3.3,2.02,3.65,3.25,1.95,3.7,3.4,2,3.6,3.5,1.95,3.4,3.3,1.95,3.4,3.3,2.02,3.83,3.6,2.02,3.8,3.7,1.97,3.6,3.4,2.06,3.85,3.9,1.67,2.15,1.57,2.51,1.67,2.33,1.61,2.2,1.71,2.4,-0.5,1.93,1.88,2.03,1.88,2.02,1.88,1.95,1.79,2.06,1.93
D2,02/08/2025,12:00,Karlsruhe,Preußen Münster,3,2,H,2,1,H,13,11,4,3,17,17,6,5,3,3,0,1,1.9,3.7,3.7,1.83,3.5,3.6,1.87,3.95,3.5,1.85,3.6,3.7,1.9,3.9,3.6,1.85,3.6,3.4,1.85,3.6,3.4,1.93,4.16,3.57,1.93,4.16,3.8,1.87,3.79,3.57,1.94,4.1,3.95,1.7,2.1,1.75,2.15,1.75,2.15,1.66,2.11,1.75,2.18,-0.5,1.9,1.9,1.93,1.95,1.93,1.95,1.85,1.89,1.94,2.01,2.1,3.5,3.25,2,3.3,3.25,2.02,3.75,3.15,2.05,3.5,3.3,2.1,3.5,3.4,2,3.3,3.2,2,3.3,3.2,2.02,3.97,3.48,2.15,3.8,3.4,2.06,3.52,3.23,2.2,3.7,3.55,1.75,2.05,1.74,2.17,1.8,2.12,1.72,2.03,1.84,2.16,-0.25,1.83,1.98,1.78,2.14,1.84,2.01,1.74,1.94,1.88,2.08
D2,02/08/2025,12:00,Paderborn,Holstein Kiel,2,1,H,1,0,H,9,6,3,2,13,12,3,0,1,3,0,0,2.15,3.8,3,2.15,3.5,2.8,2.1,3.95,2.9,2.15,3.6,2.88,2.2,3.75,2.95,2.1,3.5,2.75,2.1,3.5,2.75,2.2,3.77,3.14,2.22,3.95,3.14,2.14,3.69,2.91,2.24,3.9,3.2,1.53,2.4,1.56,2.52,1.56,2.52,1.53,2.37,1.59,2.5,-0.25,1.9,1.9,1.93,1.96,1.93,1.96,1.83,1.86,1.96,1.99,2.3,3.5,2.9,2.25,3.25,2.8,2.16,3.6,2.95,2.25,3.5,2.9,2.25,3.5,3,2.2,3.25,2.87,2.2,3.25,2.87,2.24,3.71,3.16,2.3,3.65,3.1,2.23,3.44,2.91,2.38,3.7,3.15,1.73,2.08,1.65,2.34,1.75,2.18,1.68,2.09,1.79,2.22,-0.25,2.03,1.78,1.94,1.94,2.03,1.89,1.86,1.8,2.06,1.93
D2,02/08/2025,19:30,Bielefeld,Fortuna Dusseldorf,5,1,H,1,1,D,15,11,9,3,12,14,8,3,4,4,0,1,2.3,3.6,2.88,2.25,3.4,2.75,2.14,3.8,2.9,2.25,3.5,2.8,2.3,3.7,2.8,2.2,3.4,2.7,2.2,3.4,2.7,2.33,3.67,2.88,2.33,3.8,2.95,2.23,3.58,2.83,2.44,3.8,2.92,1.65,2.2,1.65,2.27,1.65,2.27,1.62,2.18,1.68,2.28,-0.25,2,1.8,2.05,1.83,2.05,1.84,1.89,1.81,2.12,1.85,2.55,3.6,2.5,2.5,3.4,2.4,2.55,3.6,2.48,2.5,3.7,2.45,2.55,3.7,2.55,2.4,3.4,2.45,2.4,3.4,2.45,2.7,3.61,2.59,2.65,3.7,2.6,2.52,3.55,2.48,2.68,3.8,2.72,1.57,2.35,1.69,2.24,1.63,2.38,1.57,2.27,1.69,2.42,0,1.9,1.9,1.99,1.9,1.96,1.9,1.88,1.86,1.97,2
D2,03/08/2025,12:30,Greuther Furth,Dresden,3,2,H,2,1,H,10,21,5,4,8,11,4,10,1,0,0,0,2.2,3.7,2.9,2.15,3.4,2.88,2.14,3.8,2.9,2.2,3.6,2.8,2.2,3.8,2.9,2.1,3.6,2.75,2.1,3.6,2.75,2.27,3.49,3.11,2.27,3.8,3.11,2.17,3.63,2.89,2.34,3.85,3.1,1.6,2.3,1.63,2.33,1.63,2.33,1.57,2.27,1.67,2.3,-0.25,1.95,1.85,1.97,1.88,1.97,1.88,1.85,1.83,2.03,1.93,2.3,3.25,2.63,2.38,3.25,2.63,2.28,3.55,2.8,2.45,3.4,2.7,2.45,3.5,2.75,2.3,3.25,2.62,2.3,3.25,2.62,2.42,3.55,2.96,2.5,3.55,2.8,2.36,3.39,2.73,2.54,3.55,3,1.75,2.05,1.79,2.09,1.8,2.1,1.72,2.02,1.85,2.12,-0.25,2.08,1.73,2.09,1.82,2.15,1.74,1.97,1.72,2.19,1.81
D2,03/08/2025,12:30,Hannover,Kaiserslautern,1,0,H,0,0,D,14,9,5,0,13,14,5,5,2,3,0,0,1.91,3.9,3.5,1.9,3.5,3.5,1.86,3.95,3.5,1.9,3.6,3.5,1.98,3.8,3.4,1.91,3.5,3.2,1.91,3.5,3.2,1.95,3.76,3.67,1.98,3.95,3.67,1.9,3.72,3.49,1.98,3.9,4.1,1.67,2.15,1.67,2.24,1.67,2.24,1.63,2.17,1.65,2.34,-0.5,1.93,1.88,1.96,1.89,1.96,1.9,1.87,1.86,1.98,2,2.2,3.7,3,2.15,3.4,2.88,2.17,3.7,2.9,2.1,3.6,3.1,2.2,3.6,3.1,2.1,3.4,2.87,2,3.4,3,2.06,3.74,3.56,2.2,3.75,3.5,2.13,3.58,3.03,2.14,3.75,3.6,1.57,2.35,1.61,2.39,1.6,2.38,1.57,2.26,1.66,2.48,-0.25,1.93,1.88,1.78,2.11,1.93,2,1.79,1.88,1.86,2.12
D2,03/08/2025,12:30,Magdeburg,Braunschweig,0,1,A,0,0,D,19,9,3,4,17,11,12,2,4,1,0,1,1.8,3.8,4,1.8,3.5,3.75,1.78,3.9,3.95,1.8,3.6,3.9,1.85,3.8,4,1.8,3.5,3.7,1.8,3.5,3.7,1.85,3.57,4.34,1.85,3.9,4.5,1.8,3.66,3.99,1.88,3.75,4.5,1.7,2.1,1.72,2.15,1.72,2.15,1.67,2.09,1.73,2.18,-0.5,1.83,1.98,1.86,2,1.86,2,1.79,1.96,1.88,2.06,1.65,4.33,4.5,1.62,4,4.33,1.7,3.85,4.35,1.65,4.1,4.5,1.68,4.1,4.6,1.61,3.8,4.2,1.61,3.8,4.2,1.68,4.13,5,1.71,4.33,4.75,1.66,3.96,4.42,1.76,4.2,4.9,1.5,2.5,1.53,2.61,1.55,2.55,1.51,2.43,1.57,2.7,-0.75,1.8,2,1.86,2.04,1.87,2,1.81,1.86,1.93,2.03
D2,08/08/2025,17:30,Nurnberg,Darmstadt,0,1,A,0,0,D,12,14,3,5,11,15,4,5,2,2,0,0,2.88,3.7,2.25,2.75,3.4,2.25,2.65,3.8,2.25,2.8,3.6,2.2,2.85,3.7,2.25,2.7,3.5,2.15,2.7,3.5,2.15,2.87,3.45,2.14,3,3.8,2.3,2.77,3.62,2.24,3.1,3.9,2.32,1.62,2.25,1.56,2.2,1.62,2.28,1.59,2.23,1.67,2.3,0.25,1.83,1.98,1.82,1.88,1.83,1.98,1.77,1.9,1.93,2.02,2.7,3.6,2.38,2.63,3.4,2.3,2.7,3.75,2.3,2.63,3.6,2.4,2.65,3.6,2.45,2.5,3.4,2.3,2.5,3.4,2.3,2.76,3.71,2.49,2.75,3.75,2.46,2.66,3.57,2.35,2.86,3.85,2.54,1.62,2.25,1.64,2.33,1.62,2.36,1.57,2.27,1.67,2.46,0,2.03,1.78,2.06,1.85,2.04,1.83,1.98,1.77,2.11,1.88
D2,08/08/2025,17:30,Preußen Münster,Paderborn,1,1,D,0,1,A,7,16,3,8,10,17,5,5,0,0,0,0,3.3,3.2,2.25,2.88,3.25,2.2,3.2,3.3,2.17,3,3.3,2.2,3,3.4,2.3,2.87,3.2,2.2,2.87,3.2,2.2,3.33,3.16,2.32,3.33,3.4,2.31,3.08,3.26,2.22,3.35,3.5,2.32,1.85,1.95,1.88,1.98,1.85,1.95,1.8,1.92,1.89,2.02,0.25,1.85,1.95,1.88,1.99,1.85,1.96,1.83,1.83,1.92,2,3.2,3.3,2.25,3,3.2,2.2,3.2,3.3,2.17,3.1,3.4,2.2,3.1,3.3,2.3,2.9,3.1,2.2,2.9,3.1,2.2,3.36,3.37,2.28,3.25,3.4,2.3,3.11,3.27,2.21,3.45,3.5,2.32,1.85,1.95,1.93,1.96,1.91,1.95,1.83,1.88,2,1.97,0.25,1.85,1.95,1.93,1.95,1.9,1.96,1.84,1.83,1.98,1.99
D2,09/08/2025,12:00,Braunschweig,Greuther Furth,3,2,H,2,1,H,9,20,4,4,11,11,3,9,2,3,0,0,2.35,3.3,3,2.3,3.2,2.8,2.25,3.65,2.8,2.3,3.3,2.88,2.4,3.4,2.85,2.3,3.2,2.7,2.3,3.2,2.7,2.37,3.35,3.06,2.4,3.65,3,2.31,3.37,2.84,2.38,3.5,3,1.85,1.95,1.85,1.99,1.85,2,1.78,1.94,1.9,1.97,-0.25,2,1.8,2.04,1.83,2.02,1.8,1.91,1.75,2.07,1.83,2.35,3.5,2.88,2.38,3.3,2.63,2.3,3.5,2.85,2.3,3.6,2.75,2.4,3.5,2.8,2.3,3.25,2.62,2.3,3.25,2.62,2.4,3.53,3,2.45,3.6,2.9,2.34,3.44,2.76,2.52,3.6,3,1.65,2.2,1.74,2.18,1.73,2.2,1.66,2.1,1.78,2.26,0,1.73,2.08,1.74,2.19,1.83,2.11,1.73,2.03,1.82,2.18
D2,09/08/2025,12:00,Dresden,Magdeburg,1,2,A,1,2,A,23,9,2,6,10,14,6,5,1,3,0,0,2.45,3.6,2.63,2.4,3.4,2.5,2.32,3.75,2.63,2.4,3.6,2.55,2.4,3.7,2.7,2.3,3.4,2.5,2.3,3.4,2.5,2.53,3.63,2.65,2.47,3.75,2.7,2.38,3.58,2.6,2.54,3.8,2.74,1.6,2.3,1.62,2.33,1.6,2.43,1.55,2.3,1.63,2.36,0,1.85,1.95,1.88,1.97,1.85,2,1.8,1.93,1.9,2.02,2.75,3.6,2.3,2.75,3.4,2.25,2.63,3.7,2.35,2.7,3.7,2.3,2.8,3.5,2.37,2.7,3.3,2.25,2.7,3.3,2.25,2.65,3.69,2.6,2.85,3.7,2.4,2.72,3.55,2.32,2.94,3.8,2.44,1.57,2.35,1.63,2.37,1.59,2.38,1.54,2.33,1.63,2.52,0.25,1.78,2.03,1.7,2.27,1.79,2.07,1.72,1.96,1.85,2.12
D2,09/08/2025,12:00,Fortuna Dusseldorf,Hannover,0,2,A,0,0,D,9,10,1,3,18,14,5,2,6,4,0,0,2.5,3.6,2.6,2.5,3.3,2.5,2.35,3.8,2.55,2.5,3.4,2.5,2.5,3.6,2.6,2.37,3.3,2.5,2.37,3.3,2.5,2.55,3.72,2.58,2.55,3.8,2.6,2.45,3.53,2.55,2.58,3.65,2.66,1.7,2.1,1.72,2.15,1.7,2.23,1.65,2.13,1.73,2.18,0,1.88,1.93,1.92,1.93,1.9,1.93,1.85,1.88,1.91,1.97,2.45,3.75,2.63,2.4,3.4,2.5,2.38,3.8,2.55,2.45,3.6,2.55,2.5,3.6,2.6,2.4,3.4,2.45,2.4,3.4,2.45,2.47,3.76,2.76,2.55,3.8,2.66,2.43,3.59,2.56,2.62,3.85,2.76,1.62,2.25,1.6,2.46,1.62,2.43,1.57,2.28,1.71,2.38,0,1.83,1.98,1.84,2.06,1.91,1.98,1.83,1.91,1.95,2.04
D2,09/08/2025,19:30,Kaiserslautern,Schalke 04,1,0,H,0,0,D,11,9,2,4,8,16,5,3,4,4,0,0,2.38,3.5,2.8,2.25,3.3,2.8,2.1,3.7,3.05,2.25,3.5,2.8,2.25,3.6,2.95,2.15,3.4,2.8,2.15,3.4,2.8,2.27,3.45,2.68,2.38,3.7,3.05,2.22,3.53,2.88,2.34,3.7,2.86,1.67,2.15,1.6,2.14,1.67,2.2,1.65,2.12,1.71,2.24,-0.25,2.03,1.78,1.98,1.72,2.03,1.87,1.86,1.81,,,2.35,3.3,2.6,2.4,3.3,2.6,2.35,3.55,2.7,2.45,3.5,2.6,2.5,3.5,2.65,2.37,3.3,2.5,2.37,3.3,2.5,2.52,3.64,2.76,2.5,3.6,2.8,2.41,3.44,2.64,2.62,3.75,2.8,1.7,2.1,1.75,2.15,1.73,2.15,1.67,2.09,1.79,2.22,0,1.85,1.95,1.85,2.05,1.85,2.05,1.81,1.94,1.92,2.05
D2,10/08/2025,12:30,Bochum,Elversberg,2,0,H,0,0,D,16,3,6,1,24,11,10,0,8,5,0,1,1.95,3.8,3.5,1.95,3.4,3.4,1.91,3.85,3.4,1.93,3.6,3.4,2,3.7,3.4,1.95,3.4,3.2,1.95,3.4,3.2,1.94,3.83,3.64,2,3.85,3.55,1.94,3.64,3.39,2.02,3.7,3.8,1.67,2.15,1.69,2.19,1.67,2.16,1.64,2.13,1.71,2.2,-0.5,1.95,1.85,1.95,1.9,1.96,1.85,1.91,1.81,,,2.4,3.5,2.75,2.38,3.25,2.63,2.23,3.6,2.85,2.38,3.5,2.7,2.35,3.5,2.87,2.25,3.3,2.7,2.25,3.3,2.7,2,3.79,3.69,2.45,3.6,2.9,2.33,3.45,2.76,2.44,3.65,3.1,1.7,2.1,1.65,2.33,1.72,2.16,1.67,2.09,1.77,2.24,0,1.78,2.03,1.5,2.76,1.83,2.11,1.75,2,1.77,2.25
D2,10/08/2025,12:30,Hertha,Karlsruhe,0,0,D,0,0,D,15,19,4,2,8,11,5,10,0,1,0,0,1.8,3.8,4.1,1.8,3.5,3.75,1.75,4.1,3.85,1.8,3.7,3.9,1.83,3.8,4,1.75,3.6,3.7,1.75,3.6,3.7,1.79,3.86,4.27,1.83,4.1,4.1,1.78,3.79,3.9,1.88,4.1,4,1.67,2.15,1.68,2.21,1.67,2.2,1.64,2.13,1.68,1.16,-0.75,2.03,1.78,2.03,1.83,2.03,1.78,1.95,1.73,,,1.8,4,3.8,1.8,3.6,3.75,1.74,4,3.9,1.8,3.9,3.75,1.85,3.9,3.8,1.75,3.6,3.6,1.8,3.6,3.6,1.85,4.05,4.06,1.85,4,4.2,1.79,3.86,3.81,1.89,4.1,4.3,1.5,2.5,1.6,2.46,1.56,2.5,1.53,2.37,1.62,2.58,-0.5,1.83,1.98,1.85,2.06,1.83,2.05,1.76,1.98,1.89,2.11
D2,10/08/2025,12:30,Holstein Kiel,Bielefeld,0,2,A,0,2,A,15,12,7,4,13,15,9,7,0,6,0,1,2.15,3.6,3.1,2.15,3.4,2.88,2.12,3.75,2.9,2.15,3.6,2.9,2.2,3.7,3,2.1,3.5,2.8,2.1,3.5,2.8,2.21,3.71,3.06,2.2,3.75,3.1,2.14,3.61,2.93,2.28,3.8,3.05,1.62,2.25,1.65,2.26,1.62,2.3,1.58,2.24,1.66,2.28,-0.25,1.9,1.9,1.93,1.92,1.91,1.9,1.82,1.84,,,2.35,3.5,2.88,2.25,3.3,2.8,2.35,3.7,2.63,2.3,3.5,2.75,2.35,3.6,2.8,2.25,3.3,2.7,2.25,3.3,2.7,2.28,3.75,3.06,2.37,3.7,2.9,2.31,3.51,2.76,2.48,3.7,2.98,1.7,2.1,1.66,2.31,1.72,2.2,1.65,2.12,1.79,2.2,-0.25,2,1.8,1.99,1.91,2.05,1.81,1.95,1.72,2.14,1.84
D2,22/08/2025,17:30,Elversberg,Kaiserslautern,2,1,H,1,0,H,11,11,5,4,22,10,4,8,3,2,0,0,1.95,3.6,3.6,1.91,3.4,3.5,2.02,3.75,3.2,2,3.5,3.5,2.1,3.5,3.4,2,3.25,3.2,2,3.25,3.2,2.05,3.72,3.61,2.1,3.75,3.6,1.99,3.53,3.38,2.12,3.7,3.8,1.83,1.98,1.88,2.01,1.87,1.98,1.8,1.93,1.96,2.02,-0.5,1.95,1.85,2.06,1.85,2.06,1.85,1.96,1.77,2.12,1.87,2.05,3.6,3.4,2.05,3.25,3.2,2.02,3.7,3.2,2.05,3.5,3.3,2.1,3.5,3.3,2.05,3.3,3.1,2.05,3.3,3.1,2.14,3.61,3.46,2.16,3.7,3.4,2.06,3.5,3.23,2.2,3.6,3.7,1.8,2,1.83,2.06,1.85,2,1.78,1.94,1.93,2.04,-0.25,1.78,2.03,1.85,2.05,1.87,2.03,1.75,1.96,1.89,2.11
D2,22/08/2025,17:30,Preußen Münster,Nurnberg,2,1,H,2,0,H,12,8,6,3,20,13,1,7,3,6,0,0,2.35,3.4,2.9,2.3,3.1,2.88,2.4,3.5,2.7,2.3,3.4,2.9,2.4,3.4,2.85,2.3,3.2,2.7,2.3,3.2,2.7,2.4,3.49,3.03,2.41,3.5,2.95,2.35,3.35,2.82,2.46,3.55,3.15,1.93,1.88,1.96,1.93,1.96,1.9,1.88,1.84,2,1.95,-0.25,2,1.8,2.07,1.83,2.06,1.8,1.95,1.72,2.11,1.88,2.15,3.4,3.3,2.1,3.2,3.2,2.2,3.5,3,2.2,3.3,3.13,2.25,3.4,3.2,2.15,3.1,3,2.15,3.2,2.9,2.23,3.48,3.36,2.25,3.5,3.3,2.17,3.34,3.13,2.32,3.5,3.45,1.98,1.83,1.98,1.91,2,1.88,1.91,1.81,2.04,1.92,-0.25,1.83,1.98,1.92,1.97,1.94,1.98,1.84,1.86,1.99,1.98
D2,23/08/2025,12:00,Hannover,Magdeburg,3,1,H,2,0,H,23,14,8,6,22,11,4,2,3,4,0,0,1.95,3.6,3.75,1.95,3.5,3.3,1.9,3.75,3.5,1.93,3.6,3.4,2.05,3.7,3.3,1.95,3.4,3.1,1.95,3.4,3.1,1.97,3.55,3.85,2.05,3.75,3.8,1.94,3.6,3.45,2.06,3.7,3.9,1.67,2.15,1.7,2.21,1.67,2.2,1.63,2.15,1.69,2.26,-0.5,1.95,1.85,1.99,1.88,1.95,1.85,1.91,1.81,2.06,1.91,2.2,3.4,3.2,2.1,3.4,3,2.08,3.55,3.15,2.1,3.6,3.13,2.1,3.7,3.3,2,3.4,3.1,2,3.4,3.1,2.02,3.63,3.78,2.2,3.7,3.4,2.09,3.5,3.16,2.2,3.75,3.5,1.65,2.2,1.68,2.26,1.66,2.25,1.62,2.17,1.68,2.38,-0.25,1.9,1.9,1.75,2.16,1.9,1.99,1.79,1.91,1.9,2.08
D2,23/08/2025,12:00,Karlsruhe,Braunschweig,2,0,H,1,0,H,9,9,5,2,23,14,5,2,3,4,0,1,1.85,3.8,3.9,1.83,3.5,3.6,1.73,4,4,1.8,3.7,3.8,1.88,3.7,3.8,1.83,3.5,3.6,1.83,3.5,3.6,1.84,3.85,4.06,1.88,4,4,1.81,3.74,3.83,1.88,3.95,4.3,1.67,2.15,1.7,2.17,1.7,2.15,1.66,2.1,1.71,2.24,-0.5,1.83,1.98,1.85,2.02,1.85,2.02,1.78,1.94,1.88,2.08,1.8,4,4,1.73,3.75,3.75,1.75,4.1,3.75,1.75,3.9,4,1.82,3.9,3.9,1.73,3.7,3.75,1.73,3.7,3.75,1.86,4.01,4.05,1.82,4.1,4.2,1.76,3.9,3.9,1.86,4,4.5,1.6,2.3,1.6,2.43,1.6,2.45,1.54,2.33,1.65,2.48,-0.75,2,1.8,2.09,1.8,2,1.85,1.96,1.76,2.08,1.89
D2,23/08/2025,12:00,Paderborn,Fortuna Dusseldorf,1,2,A,0,2,A,17,14,4,6,12,8,9,7,2,2,1,0,1.8,3.8,4.1,1.73,3.6,4,1.7,3.95,4.3,1.75,3.7,4,1.8,3.8,4.1,1.75,3.6,3.8,1.75,3.6,3.8,1.82,3.82,4.17,1.81,3.95,4.3,1.75,3.77,4.09,1.86,3.85,4.4,1.7,2.1,1.75,2.13,1.71,2.1,1.68,2.07,1.75,2.22,-0.5,1.78,2.03,1.83,2.04,1.83,2.07,1.73,2.01,1.87,2.06,1.67,4.1,4.5,1.62,4,4.33,1.65,4.3,4.25,1.65,4.1,4.5,1.7,4.1,4.5,1.65,3.75,4,1.65,3.75,4,1.77,4.03,4.49,1.7,4.4,4.7,1.65,4.08,4.36,1.74,4.3,5,1.53,2.4,1.58,2.46,1.6,2.5,1.51,2.39,1.61,2.6,-0.75,1.83,1.98,1.99,1.91,1.84,2.02,1.82,1.9,1.93,2.06
D2,23/08/2025,19:30,Schalke 04,Bochum,2,1,H,0,0,D,15,14,8,3,6,6,8,9,0,3,0,0,2.4,3.6,2.75,2.38,3.25,2.63,2.45,3.6,2.55,2.38,3.4,2.7,2.4,3.5,2.75,2.3,3.3,2.62,2.3,3.3,2.62,2.4,3.59,2.83,2.46,3.6,2.85,2.38,3.45,2.67,2.46,3.6,2.9,1.73,2.08,1.75,2.13,1.78,2.08,1.73,2,1.8,2.12,0,1.78,2.03,1.78,2.1,1.8,2.03,1.75,2,1.81,2.11,2.2,3.6,3.1,2.15,3.3,3,2.25,3.55,2.85,2.2,3.5,3,2.2,3.5,3.1,2.15,3.3,2.87,2.15,3.3,2.87,2.26,3.65,3.15,2.26,3.6,3.15,2.2,3.46,2.98,2.28,3.7,3.35,1.7,2.1,1.76,2.13,1.78,2.1,1.72,2.02,1.82,2.2,-0.25,1.93,1.88,1.96,1.93,1.97,1.9,1.88,1.82,1.98,2
D2,24/08/2025,12:30,Bielefeld,Dresden,1,2,A,0,1,A,12,21,2,7,13,17,4,5,3,3,1,0,1.9,3.3,4.2,1.9,3.4,3.5,1.83,3.6,4,1.87,3.6,3.6,1.9,3.6,3.9,1.83,3.4,3.7,1.83,3.4,3.7,1.94,3.3,4.29,1.93,3.6,4.5,1.87,3.47,3.88,1.95,3.55,4.5,1.73,2.08,1.75,2.11,1.78,2.1,1.72,2.02,1.75,2.14,-0.5,1.9,1.9,1.95,1.9,1.91,1.92,1.85,1.87,,,2,3.4,3.8,1.95,3.5,3.3,1.85,3.75,3.7,2,3.7,3.3,2,3.6,3.5,1.95,3.3,3.3,1.95,3.3,3.3,1.93,3.67,4.1,2.05,3.75,4.2,1.94,3.57,3.53,2.1,3.65,3.9,1.57,2.35,1.57,2.52,1.75,2.35,1.59,2.24,1.68,2.42,-0.5,2,1.8,1.93,1.95,2,1.96,1.9,1.83,2.1,1.87
D2,24/08/2025,12:30,Darmstadt,Hertha,0,0,D,0,0,D,14,15,4,1,12,17,7,2,1,1,0,0,2.1,3.3,3.6,2,3.4,3.2,2.07,3.45,3.35,2.05,3.6,3.1,2.1,3.7,3.25,2,3.4,3,2,3.4,3,2.14,3.39,3.5,2.13,3.7,3.6,2.06,3.46,3.26,2.22,3.65,3.5,1.6,2.3,1.61,2.36,1.66,2.3,1.59,2.21,1.64,2.34,-0.25,1.8,2,1.85,2.01,1.82,2,1.74,1.93,,,1.9,3.5,3.9,1.9,3.5,3.5,2,3.6,3.4,1.87,3.8,3.6,1.98,3.7,3.6,1.91,3.4,3.3,1.91,3.4,3.3,2.21,3.63,3.28,2,3.8,3.9,1.93,3.59,3.54,2,3.8,4.1,1.6,2.3,1.6,2.45,1.6,2.38,1.58,2.25,1.67,2.44,-0.5,1.9,1.9,2.21,1.74,2,1.9,1.91,1.81,2,1.98
D2,24/08/2025,12:30,Greuther Furth,Holstein Kiel,0,2,A,0,1,A,15,17,2,4,13,18,6,3,3,8,0,0,2.7,3.4,2.5,2.6,3.2,2.5,2.65,3.5,2.43,2.6,3.4,2.45,2.65,3.5,2.5,2.5,3.3,2.37,2.5,3.3,2.37,2.73,3.4,2.58,2.75,3.5,2.55,2.63,3.39,2.45,2.68,3.6,2.64,1.73,2.08,1.75,2.1,1.81,2.08,1.74,1.99,1.74,2.16,0,1.98,1.83,1.98,1.88,1.98,1.85,1.93,1.8,,,2.9,3.7,2.2,2.75,3.4,2.25,2.55,3.75,2.4,2.8,3.6,2.25,2.8,3.6,2.4,2.62,3.3,2.3,2.62,3.3,2.3,2.73,3.6,2.57,2.9,3.75,2.4,2.73,3.58,2.31,3,3.8,2.4,1.62,2.25,1.68,2.27,1.65,2.27,1.61,2.19,1.67,2.42,0.25,1.83,1.98,1.72,2.23,1.83,2.1,1.74,1.98,1.88,2.09
D2,29/08/2025,17:30,Hertha,Elversberg,0,2,A,0,1,A,7,16,2,6,15,7,4,4,6,2,1,0,2.2,3.4,3.2,2.2,3.4,3,2.17,3.45,3.1,2.2,3.25,3.2,2.2,3.5,3.1,2.15,3.25,2.9,2.15,3.25,2.9,2.26,3.45,3.32,2.3,3.5,3.2,2.19,3.36,3.08,2.3,3.6,3.4,1.7,2.1,1.71,2.22,1.7,2.2,1.67,2.09,1.74,2.28,-0.25,1.9,1.9,1.94,1.94,1.97,1.9,1.84,1.85,1.98,1.99,1.95,3.6,3.6,2.05,3.5,3.25,1.98,3.5,3.45,1.95,3.4,3.7,2.1,3.5,3.4,2,3.3,3.1,2,3.3,3.1,2.29,3.47,3.25,2.17,3.6,3.7,2.01,3.47,3.4,2.14,3.65,3.8,1.62,2.25,1.68,2.24,1.7,2.25,1.64,2.15,1.72,2.34,-0.25,1.73,2.08,1.97,1.92,1.87,2.08,1.7,2.01,1.86,2.13
D2,29/08/2025,17:30,Nurnberg,Paderborn,0,0,D,0,0,D,14,15,3,3,12,10,7,5,3,4,0,0,3,3.75,2.15,3.1,3.5,2.1,3.1,3.8,2.04,3,3.6,2.15,3.1,3.6,2.2,2.9,3.3,2.1,2.9,3.3,2.1,3.11,3.72,2.26,3.15,3.8,2.2,3.05,3.59,2.11,3.25,3.75,2.3,1.67,2.15,1.71,2.22,1.72,2.19,1.68,2.07,1.74,2.28,0.25,1.93,1.88,1.93,1.96,1.94,1.92,1.9,1.8,1.97,2,3.1,3.7,2.1,3.1,3.5,2.1,3.05,3.95,2.04,3.1,3.6,2.1,3,3.7,2.2,2.87,3.4,2.1,2.87,3.4,2.1,3.16,3.8,2.2,3.15,3.95,2.2,3.04,3.65,2.1,3.25,3.8,2.28,1.62,2.25,1.62,2.38,1.65,2.27,1.6,2.21,1.71,2.38,0.25,1.98,1.83,1.96,1.93,1.98,1.92,1.92,1.78,1.99,1.98
D2,30/08/2025,12:00,Bochum,Preußen Münster,1,2,A,1,1,D,16,5,4,2,21,13,6,4,3,3,0,0,2,3.6,3.5,1.95,3.4,3.6,1.91,3.8,3.45,1.95,3.4,3.5,1.98,3.6,3.6,1.91,3.4,3.4,1.91,3.4,3.4,2,3.58,3.7,2.01,3.8,3.66,1.94,3.55,3.51,2.04,3.8,3.9,1.83,1.98,1.83,2.02,1.83,2,1.77,1.95,1.72,2.02,-0.5,1.98,1.83,2.01,1.85,1.98,1.85,1.91,1.8,2.04,1.92,2.15,3.6,3.1,2.15,3.3,3.2,1.98,3.65,3.35,2.1,3.5,3.2,2.1,3.5,3.3,2.05,3.25,3.1,2.05,3.25,3.1,2,3.58,3.7,2.15,3.65,3.5,2.07,3.46,3.26,2.22,3.8,3.45,1.8,2,1.83,2.02,1.84,2.01,1.79,1.93,1.86,2.12,-0.25,1.88,1.93,1.74,2.14,1.88,2.02,1.74,1.96,1.93,2.06
D2,30/08/2025,12:00,Braunschweig,Bielefeld,1,1,D,0,0,D,8,13,3,6,16,12,3,7,3,3,0,0,2.8,3.6,2.3,2.88,3.4,2.3,2.75,3.7,2.23,2.8,3.5,2.25,2.87,3.5,2.35,2.7,3.3,2.25,2.7,3.3,2.25,3.04,3.54,2.34,3,3.7,2.35,2.82,3.51,2.26,3,3.75,2.4,1.7,2.1,1.73,2.13,1.71,2.1,1.69,2.06,1.68,1.56,0.25,1.8,2,1.85,2.04,1.8,2,1.78,1.91,1.87,2.08,2.6,3.6,2.45,2.63,3.5,2.38,2.8,3.75,2.2,2.63,3.6,2.4,2.8,3.6,2.35,2.7,3.4,2.25,2.7,3.4,2.25,2.96,3.57,2.41,2.8,3.75,2.45,2.71,3.58,2.33,2.82,3.85,2.54,1.57,2.35,1.74,2.18,1.62,2.35,1.59,2.22,1.67,2.44,0,1.98,1.83,2.17,1.76,2.04,1.83,1.97,1.78,2.1,1.88
D2,30/08/2025,12:00,Holstein Kiel,Hannover,1,2,A,1,0,H,9,12,3,4,23,16,1,5,2,3,0,0,2.55,3.7,2.45,2.63,3.4,2.5,2.38,3.8,2.55,2.55,3.5,2.45,2.6,3.6,2.5,2.5,3.3,2.4,2.5,3.3,2.4,2.71,3.57,2.58,2.66,3.8,2.6,2.52,3.54,2.5,2.74,3.7,2.58,1.67,2.15,1.7,2.19,1.68,2.16,1.66,2.1,1.75,2.18,0,1.95,1.85,1.99,1.89,1.95,1.9,1.89,1.84,2.02,1.9,2.35,3.7,2.7,2.38,3.4,2.75,2.43,3.7,2.55,2.4,3.6,2.63,2.5,3.5,2.65,2.37,3.3,2.5,2.37,3.3,2.5,2.68,3.64,2.59,2.6,3.7,2.75,2.41,3.53,2.63,2.62,3.65,2.84,1.67,2.15,1.67,2.3,1.68,2.22,1.66,2.11,1.75,2.3,0,1.78,2.03,1.99,1.91,1.93,2.03,1.79,1.96,1.88,2.09
D2,30/08/2025,19:30,Fortuna Dusseldorf,Karlsruhe,0,0,D,0,0,D,16,9,2,2,9,10,4,2,1,3,0,0,2.25,3.7,2.88,2.3,3.5,2.8,2.14,3.95,2.8,2.2,3.6,2.8,2.3,3.6,2.87,2.2,3.4,2.7,2.2,3.4,2.7,2.27,3.79,2.9,2.3,3.95,2.88,2.22,3.67,2.8,2.32,3.85,3,1.62,2.25,1.65,2.3,1.62,2.26,1.58,2.23,1.64,2.38,-0.25,1.98,1.83,2.01,1.87,1.98,1.86,1.89,1.82,2.03,1.89,2.3,3.5,2.88,2.3,3.5,2.8,2.15,3.85,2.85,2.25,3.6,2.88,2.3,3.7,2.85,2.2,3.4,2.7,2.2,3.4,2.7,2.24,3.76,3.1,2.3,3.85,3,2.22,3.62,2.85,2.4,3.8,3.05,1.57,2.3,1.65,2.35,1.62,2.32,1.59,2.23,1.64,2.54,-0.25,2,1.8,1.96,1.93,2,1.87,1.88,1.81,2.06,1.92
D2,31/08/2025,12:30,Dresden,Schalke 04,0,1,A,0,0,D,6,16,3,5,11,10,1,6,1,4,0,0,2.38,3.5,2.8,2.38,3.4,2.75,2.28,3.8,2.65,2.3,3.5,2.7,2.37,3.5,2.8,2.3,3.3,2.62,2.3,3.3,2.62,2.41,3.59,2.81,2.45,3.8,2.85,2.33,3.54,2.7,2.44,3.5,2.84,1.7,2.1,1.7,2.18,1.7,2.15,1.66,2.11,1.73,2.2,0,1.73,2.08,1.79,2.09,1.83,2.08,1.74,2.01,1.78,2.07,2.1,3.4,3.4,2.05,3.4,3.4,2.1,3.6,3,2.1,3.5,3.25,2.15,3.5,3.3,2.05,3.2,3.1,2.05,3.2,3.1,2.15,3.42,3.62,2.15,3.65,3.4,2.09,3.45,3.22,2.22,3.55,3.7,1.83,1.98,1.88,2,1.83,2.04,1.76,1.98,1.92,2.04,-0.25,1.8,2,1.85,2.06,1.85,2,1.77,1.92,1.9,2.08
D2,31/08/2025,12:30,Kaiserslautern,Darmstadt,3,1,H,0,0,D,17,17,8,5,8,11,3,5,2,2,0,0,2.6,3.3,2.63,2.5,3.4,2.63,2.4,3.7,2.55,2.45,3.5,2.5,2.55,3.6,2.6,2.4,3.3,2.45,2.4,3.3,2.45,2.55,3.51,2.7,2.6,3.7,2.66,2.47,3.49,2.56,2.26,3.9,2.72,1.67,2.15,1.67,2.23,1.7,2.2,1.65,2.12,1.67,1.44,0,1.85,1.95,1.87,1.98,1.9,1.95,1.84,1.89,1.01,2.03,3.1,3.4,2.2,3,3.4,2.2,2.95,3.5,2.23,3,3.5,2.2,2.95,3.5,2.3,2.8,3.25,2.2,2.8,3.25,2.2,3.21,3.5,2.29,3.2,3.5,2.3,2.98,3.42,2.22,3.25,3.55,2.38,1.75,2.05,1.79,2.09,1.77,2.09,1.72,2.02,1.82,2.18,0.25,1.85,1.95,1.91,1.98,1.88,1.97,1.81,1.87,1.92,2.06
D2,31/08/2025,12:30,Magdeburg,Greuther Furth,4,5,A,1,1,D,19,13,7,7,16,10,2,3,5,4,1,0,1.83,3.8,3.9,1.8,3.75,4,1.81,4.2,3.55,1.8,3.8,3.7,1.85,3.9,3.8,1.8,3.6,3.5,1.8,3.6,3.5,1.85,3.9,3.92,1.85,4.2,4,1.81,3.89,3.68,1.87,4.1,4,1.57,2.35,1.59,2.39,1.57,2.6,1.5,2.43,1.56,2.54,-0.5,1.83,1.98,1.86,1.99,1.83,2,1.78,1.93,1.87,2.04,1.9,3.8,3.6,1.9,3.75,3.4,1.85,4.1,3.45,1.95,3.9,3.3,1.95,3.9,3.4,1.85,3.6,3.2,1.85,3.6,3.2,1.98,4.02,3.56,1.99,4.1,3.6,1.9,3.87,3.38,2.02,4,3.8,1.48,2.6,1.47,2.77,1.48,2.7,1.46,2.57,1.53,2.8,-0.5,1.93,1.88,1.99,1.91,1.98,1.9,1.87,1.84,2.02,1.96
D2,12/09/2025,17:30,Bielefeld,Magdeburg,2,0,H,0,0,D,13,17,5,3,13,12,5,5,1,2,0,0,2.1,3.7,3.1,2.1,3.6,3.1,2.12,3.75,3,2.1,3.7,3,2.2,3.7,3,2.1,3.5,2.87,2.1,3.5,2.87,2.19,3.71,3.25,2.2,3.85,3.15,2.13,3.63,3.03,2.24,3.8,3.35,1.57,2.35,1.6,2.43,1.57,2.45,1.53,2.37,1.62,2.56,-0.25,1.85,1.95,1.91,1.99,1.92,1.95,1.84,1.88,1.94,2.02,2,3.9,3.25,2.05,3.6,3.2,2.12,3.75,3,2,3.8,3.2,2.1,3.75,3.2,2.05,3.5,2.9,2.05,3.5,2.9,2.08,3.8,3.46,2.17,3.9,3.25,2.06,3.71,3.13,2.2,3.85,3.4,1.5,2.5,1.5,2.65,1.52,2.6,1.49,2.49,1.55,2.74,-0.25,1.75,2.05,1.81,2.08,1.87,2.05,1.79,1.94,1.93,2.06
D2,12/09/2025,17:30,Paderborn,Bochum,1,0,H,0,0,D,20,15,5,4,7,11,3,7,1,4,0,0,1.85,3.7,3.9,1.9,3.6,3.75,1.8,3.95,3.7,1.83,3.75,3.8,1.87,3.8,3.8,1.8,3.5,3.6,1.8,3.5,3.6,1.88,3.86,4.1,1.9,4,3.9,1.84,3.75,3.75,1.93,3.95,4.3,1.62,2.25,1.67,2.27,1.63,2.35,1.6,2.23,1.7,2.38,-0.5,1.85,1.95,1.88,2.02,1.88,1.97,1.81,1.92,1.93,2.05,1.83,3.75,4,1.8,3.75,4,1.86,3.85,3.6,1.8,3.9,3.8,1.83,3.8,4,1.75,3.5,3.7,1.75,3.5,3.7,1.85,3.83,4.31,1.91,3.95,4.33,1.81,3.75,3.89,1.92,3.9,4.4,1.57,2.35,1.61,2.39,1.62,2.38,1.56,2.3,1.68,2.44,-0.5,1.8,2,1.85,2.06,1.85,2.05,1.79,1.94,1.92,2.06
D2,13/09/2025,12:00,Darmstadt,Braunschweig,2,1,H,0,1,A,10,13,4,5,11,11,2,5,2,2,0,1,1.62,4,5,1.62,3.75,5,1.61,4.1,4.8,1.6,3.9,4.8,1.65,4,5,1.6,3.75,4.5,1.6,3.75,4.5,1.62,4.15,5.18,1.65,4.2,5,1.61,3.96,4.83,1.64,4.3,5.5,1.67,2.15,1.71,2.18,1.68,2.15,1.66,2.11,1.72,2.2,-0.75,1.78,2.03,1.79,2.08,1.79,2.03,1.75,1.97,1.81,2.11,1.55,4.5,5,1.57,4.2,5,1.56,4.4,4.8,1.55,4.33,5,1.58,4.4,5,1.53,4,4.6,1.53,4,4.6,1.61,4.27,5.62,1.62,4.5,5.33,1.56,4.31,4.91,1.65,4.4,5.7,1.48,2.6,1.58,2.48,1.51,2.63,1.47,2.54,1.59,2.66,-1,1.9,1.9,2.01,1.88,1.98,1.9,1.9,1.83,2,1.93
D2,13/09/2025,12:00,Karlsruhe,Nurnberg,2,1,H,1,1,D,10,24,7,10,8,9,6,10,2,1,0,0,1.91,3.7,3.75,1.95,3.5,3.5,1.87,3.85,3.6,1.93,3.5,3.5,1.98,3.6,3.7,1.91,3.3,3.4,1.91,3.3,3.4,1.99,3.61,3.71,1.99,3.95,3.75,1.93,3.58,3.56,2.02,3.85,3.95,1.73,2.08,1.8,2.05,1.75,2.12,1.7,2.05,1.8,2.1,-0.5,1.95,1.85,2.01,1.87,1.96,1.86,1.89,1.82,2.02,1.94,2.1,3.5,3.25,2.05,3.5,3.25,1.89,3.9,3.45,2.05,3.7,3.13,2.1,3.6,3.3,2,3.4,3.1,2,3.4,3.1,1.99,3.79,3.74,2.1,4,3.55,2.03,3.63,3.24,2.18,3.8,3.45,1.62,2.25,1.6,2.46,1.62,2.34,1.58,2.26,1.67,2.46,-0.5,2,1.8,2,1.9,2.07,1.84,1.97,1.77,2.18,1.81
D2,13/09/2025,12:00,Schalke 04,Holstein Kiel,0,1,A,0,1,A,12,10,4,5,17,13,8,3,0,3,0,0,2.2,3.5,3.1,2.2,3.4,3,2.23,3.35,3,2.15,3.4,3,2.25,3.5,3,2.15,3.3,2.8,2.15,3.3,2.8,2.19,3.66,3.14,2.28,3.6,3.1,2.2,3.42,2.99,2.3,3.65,3.35,1.75,2.05,1.77,2.08,1.77,2.05,1.72,2.02,1.8,2.12,-0.25,1.9,1.9,1.93,1.94,1.93,1.9,1.88,1.82,1.98,1.99,2.25,3.5,3,2.15,3.5,3,2.14,3.5,3.15,2.2,3.6,2.9,2.2,3.6,3,2.1,3.3,2.9,2.1,3.3,2.9,2.27,3.53,3.23,2.25,3.6,3.2,2.17,3.5,3.02,2.3,3.7,3.3,1.65,2.2,1.93,1.95,1.71,2.2,1.65,2.13,1.72,2.34,-0.25,1.95,1.85,1.96,1.93,1.95,1.93,1.87,1.86,1.99,1.99
D2,13/09/2025,19:30,Hannover,Hertha,0,3,A,0,0,D,21,9,3,3,13,19,15,0,2,5,0,0,1.8,3.8,4,1.8,3.6,4,1.88,3.75,3.55,1.8,3.7,3.8,1.9,3.7,3.8,1.83,3.4,3.5,1.83,3.4,3.5,1.87,3.91,3.84,1.93,3.9,4,1.84,3.69,3.76,1.9,4,4.2,1.67,2.15,1.66,2.25,1.67,2.15,1.66,2.11,1.71,2.28,-0.5,1.8,2,1.88,1.98,1.88,2,1.82,1.91,1.9,2.08,1.62,4.1,5,1.62,4,4.6,1.66,4.1,4.4,1.65,4.1,4.6,1.65,4.1,4.8,1.65,3.7,4.2,1.65,3.7,4.2,1.81,4.09,4.21,1.75,4.2,5,1.66,4.01,4.53,1.75,4.3,5,1.57,2.35,1.56,2.54,1.59,2.38,1.56,2.3,1.64,2.5,-0.75,1.75,2.05,2.04,1.86,1.9,2.05,1.81,1.91,1.94,2.05
D2,14/09/2025,12:30,Elversberg,Dresden,2,2,D,1,2,A,23,11,7,4,8,12,7,5,0,4,0,0,2,3.7,3.4,1.95,3.5,3.5,1.88,3.85,3.55,1.95,3.5,3.4,2.05,3.7,3.4,1.95,3.4,3.2,1.95,3.4,3.2,1.99,3.85,3.47,2.05,3.95,3.65,1.97,3.63,3.4,2.02,3.95,3.65,1.7,2.1,1.72,2.14,1.7,2.23,1.65,2.12,1.74,2.18,-0.5,1.98,1.83,2,1.85,2.01,1.85,1.92,1.8,,,1.95,3.75,3.5,1.95,3.5,3.5,1.89,3.8,3.55,1.95,3.6,3.5,1.98,3.7,3.5,1.91,3.5,3.25,1.91,3.5,3.25,1.99,3.75,3.79,2,3.9,3.66,1.94,3.66,3.49,2.06,3.8,3.95,1.7,2.1,1.7,2.22,1.7,2.23,1.65,2.13,1.75,2.3,-0.5,1.98,1.83,2,1.9,1.98,1.87,1.91,1.82,2.06,1.93
D2,14/09/2025,12:30,Greuther Furth,Kaiserslautern,0,3,A,0,1,A,8,14,3,6,9,15,4,5,1,6,1,0,2.35,3.4,2.88,2.38,3.5,2.63,2.38,3.7,2.6,2.3,3.6,2.63,2.35,3.7,2.75,2.25,3.4,2.62,2.25,3.4,2.62,2.38,3.72,2.78,2.45,3.8,2.88,2.35,3.57,2.67,2.38,3.9,2.92,1.53,2.4,1.55,2.5,1.58,2.4,1.53,2.35,1.46,2.54,-0.25,2.03,1.78,2.08,1.78,2.06,1.78,2.02,1.72,,,2.35,3.4,2.9,2.38,3.5,2.63,2.3,3.6,2.75,2.3,3.6,2.75,2.35,3.6,2.85,2.25,3.4,2.7,2.25,3.4,2.7,2.48,3.53,2.88,2.45,3.7,2.9,2.34,3.51,2.77,2.52,3.7,2.96,1.6,2.3,1.64,2.33,1.62,2.33,1.58,2.26,1.67,2.44,0,1.7,2.1,1.81,2.11,1.8,2.1,1.72,2.03,1.85,2.16
D2,14/09/2025,12:30,Preußen Münster,Fortuna Dusseldorf,1,2,A,1,0,H,21,10,6,2,14,9,8,2,3,2,0,0,2.6,3.25,2.7,2.5,3.25,2.63,2.38,3.5,2.65,2.5,3.3,2.6,2.5,3.4,2.75,2.4,3.1,2.6,2.4,3.1,2.6,2.66,3.33,2.7,2.6,3.6,2.75,2.48,3.3,2.67,2.68,3.5,2.84,1.88,1.93,1.89,1.94,1.88,2.04,1.81,1.91,1.74,1.98,0,1.88,1.93,1.91,1.94,1.88,1.96,1.82,1.91,,,2.45,3.2,2.9,2.4,3.2,2.8,2.4,3.5,2.65,2.38,3.3,2.88,2.4,3.3,2.9,2.3,3.1,2.75,2.3,3.1,2.75,2.49,3.33,3.02,2.5,3.55,2.95,2.4,3.29,2.8,2.54,3.45,3.05,1.95,1.85,2,1.88,1.98,1.97,1.89,1.85,2.02,1.94,0,1.75,2.05,1.76,2.14,1.83,2.11,1.73,2.03,1.8,2.21
D2,19/09/2025,17:30,Bielefeld,Greuther Furth,1,3,A,0,1,A,15,11,5,7,11,22,6,3,2,1,0,0,1.75,3.6,4.5,1.8,4,3.75,1.83,3.65,3.85,1.75,4,3.9,1.85,3.8,3.9,1.8,3.5,3.6,1.8,3.5,3.6,1.82,3.8,4.53,1.87,4,4.5,1.8,3.74,3.93,1.86,3.9,4.6,1.5,2.5,1.53,2.6,1.55,2.5,1.51,2.43,1.55,2.7,-0.5,1.75,2.05,1.81,2.09,1.83,2.05,1.77,1.95,1.86,2.11,1.7,3.9,4.5,1.73,4,4,1.72,3.95,4.1,1.67,4.2,4.2,1.75,3.9,4.4,1.7,3.6,4,1.7,3.6,4,1.76,3.92,4.73,1.77,4.2,4.5,1.71,3.9,4.22,1.81,4,4.8,1.44,2.7,1.48,2.78,1.45,2.75,1.43,2.66,1.5,2.98,-0.75,1.85,1.95,1.95,1.93,1.88,1.95,1.85,1.86,2.02,1.94
D2,19/09/2025,17:30,Kaiserslautern,Preußen Münster,4,1,H,3,0,H,15,14,6,6,19,12,4,0,3,4,0,0,2.3,3.3,3.1,2.25,3.3,3,2.16,3.45,3.1,2.25,3.4,3,2.35,3.3,3,2.25,3.1,2.87,2.25,3.1,2.87,2.35,3.43,3.16,2.35,3.55,3.2,2.26,3.3,3.01,2.36,3.5,3.35,1.85,1.95,1.92,1.97,1.85,1.95,1.82,1.89,1.93,2.02,-0.25,1.98,1.83,2.03,1.87,1.98,1.85,1.9,1.81,2.04,1.94,1.91,3.5,3.8,2.05,3.4,3.4,2.07,3.5,3.25,1.95,3.6,3.5,2,3.5,3.7,1.95,3.25,3.4,1.95,3.25,3.4,2.13,3.52,3.57,2.12,3.6,3.8,2,3.46,3.47,2.08,3.65,4,1.8,2,1.86,2.03,1.8,2,1.76,1.96,1.87,2.12,-0.5,1.93,1.88,2.13,1.78,2.02,1.88,1.96,1.77,2.06,1.91
D2,20/09/2025,12:00,Braunschweig,Elversberg,1,4,A,1,2,A,10,22,2,8,13,15,4,9,4,6,1,0,3,3.5,2.2,3,3.4,2.2,,,,2.9,3.4,2.2,3,3.5,2.3,2.8,3.25,2.2,2.8,3.25,2.2,3.06,3.6,2.25,3,3.5,2.3,2.94,3.38,2.23,3.2,3.6,2.36,1.7,2.1,1.76,2.11,1.73,2.1,1.7,2.05,1.77,2.16,0.25,1.88,1.93,1.89,1.97,1.88,1.93,1.81,1.89,1.91,2.03,3.2,3.6,2.1,3.25,3.5,2.05,3.3,3.75,1.98,3.3,3.6,2,3.4,3.6,2.05,3.1,3.3,2,3.3,3.3,1.95,3.47,3.68,2.11,3.5,3.85,2.1,3.3,3.55,2.02,3.7,3.8,2.12,1.67,2.15,1.75,2.16,1.73,2.2,1.67,2.1,1.81,2.2,0.5,1.75,2.05,1.79,2.11,1.83,2.05,1.76,1.97,1.88,2.12
D2,20/09/2025,12:00,Hertha,Paderborn,0,2,A,0,1,A,9,17,3,6,12,8,7,4,4,1,0,0,2.55,3.6,2.45,2.63,3.4,2.5,2.7,3.75,2.28,2.6,3.5,2.4,2.65,3.5,2.5,2.5,3.25,2.4,2.5,3.25,2.4,2.67,3.68,2.49,2.8,3.85,2.5,2.62,3.51,2.41,2.78,3.6,2.6,1.67,2.15,1.68,2.22,1.67,2.25,1.62,2.17,1.72,2.26,0,1.98,1.83,2.01,1.86,1.98,1.85,1.91,1.8,2.05,1.89,2.45,3.5,2.55,2.5,3.4,2.6,2.55,3.7,2.4,2.45,3.5,2.6,2.55,3.5,2.6,2.45,3.3,2.45,2.45,3.3,2.45,2.6,3.6,2.69,2.65,3.8,2.6,2.5,3.51,2.53,2.68,3.75,2.74,1.7,2.1,1.73,2.19,1.7,2.2,1.63,2.15,1.74,2.3,0,1.83,1.98,1.91,1.99,1.9,1.98,1.83,1.9,1.96,2
D2,20/09/2025,12:00,Magdeburg,Schalke 04,0,2,A,0,1,A,8,10,2,2,15,14,3,2,2,1,0,0,2.3,3.3,3.1,2.2,3.5,3,2.16,3.55,3,2.15,3.6,2.9,2.25,3.6,2.95,2.2,3.3,2.8,2.2,3.3,2.8,2.32,3.27,3.21,2.3,3.65,3.14,2.2,3.45,2.97,2.3,3.6,3.25,1.62,2.25,1.66,2.25,1.62,2.25,1.6,2.2,1.67,2.32,-0.25,1.98,1.83,2,1.87,1.98,1.85,1.89,1.82,2,1.93,2.35,3.4,2.9,2.3,3.5,2.8,2.25,3.55,2.85,2.3,3.6,2.75,2.35,3.5,2.87,2.25,3.25,2.7,2.25,3.25,2.7,2.47,3.6,2.86,2.38,3.6,2.95,2.31,3.46,2.81,2.46,3.7,3,1.6,2.3,1.63,2.39,1.62,2.3,1.58,2.24,1.66,2.46,0,1.7,2.1,1.81,2.1,1.77,2.1,1.7,2.03,1.79,2.22
D2,20/09/2025,19:30,Nurnberg,Bochum,2,1,H,0,0,D,20,13,8,1,9,12,8,5,1,5,0,0,2.3,3.8,2.63,2.38,3.5,2.63,2.28,3.65,2.75,2.38,3.5,2.63,2.4,3.6,2.75,2.3,3.3,2.6,2.3,3.3,2.6,2.37,3.79,2.75,2.4,3.8,2.85,2.32,3.56,2.7,2.42,3.85,2.96,1.67,2.15,1.67,2.23,1.71,2.15,1.66,2.1,1.7,2.26,0,1.78,2.03,1.8,2.09,1.78,2.05,1.74,1.99,1.79,2.2,2.15,3.6,3.1,2.15,3.5,3,2.18,3.7,2.9,2.1,3.6,3.1,2.15,3.6,3.2,2.05,3.4,3,2.05,3.4,3,2.2,3.77,3.18,2.23,3.75,3.25,2.12,3.58,3.05,2.24,3.85,3.3,1.65,2.2,1.68,2.27,1.65,2.25,1.62,2.17,1.71,2.34,-0.25,1.85,1.95,1.93,1.96,1.89,1.95,1.84,1.88,1.97,2.01
D2,21/09/2025,12:30,Dresden,Hannover,2,2,D,2,2,D,8,17,4,6,15,12,5,8,3,1,1,0,3,3.6,2.2,3,3.4,2.2,3.1,3.65,2.08,3,3.4,2.15,3,3.5,2.25,2.87,3.3,2.15,2.87,3.3,2.15,3.17,3.56,2.21,3.15,3.75,2.25,2.99,3.48,2.17,3.2,3.65,2.28,1.73,2.08,1.76,2.09,1.73,2.2,1.68,2.08,1.01,1.25,0.25,1.88,1.93,1.93,1.93,1.9,1.93,1.86,1.85,,,2.63,3.75,2.4,2.63,3.5,2.38,2.8,3.55,2.28,2.63,3.7,2.38,2.75,3.6,2.37,2.62,3.4,2.25,2.62,3.4,2.25,2.99,3.56,2.39,2.88,3.75,2.4,2.7,3.57,2.34,2.86,3.8,2.52,1.57,2.35,1.74,2.18,1.6,2.4,1.55,2.31,1.67,2.46,0,2,1.8,2.19,1.74,2.05,1.8,1.98,1.75,2.14,1.86
D2,21/09/2025,12:30,Fortuna Dusseldorf,Darmstadt,0,3,A,0,0,D,11,18,1,10,11,15,6,6,0,0,0,0,2.5,3.5,2.7,2.5,3.4,2.63,2.45,3.7,2.5,2.4,3.5,2.6,2.45,3.6,2.65,2.37,3.3,2.5,2.37,3.3,2.5,2.5,3.51,2.75,2.5,3.8,2.7,2.43,3.5,2.6,2.48,3.8,2.74,1.67,2.15,1.69,2.2,1.67,2.25,1.61,2.18,1.68,1.25,0,1.83,1.98,1.84,2.02,1.83,2,1.79,1.94,,,2.55,3.7,2.55,2.5,3.5,2.5,2.48,3.7,2.55,2.5,3.6,2.5,2.55,3.7,2.55,2.4,3.4,2.45,2.4,3.4,2.45,2.81,3.59,2.51,2.6,3.8,2.63,2.5,3.59,2.51,2.66,3.95,2.66,1.57,2.35,1.74,2.18,1.57,2.4,1.55,2.34,1.62,2.58,0,1.9,1.9,2.06,1.84,1.91,1.9,1.86,1.85,1.99,1.98
D2,21/09/2025,12:30,Holstein Kiel,Karlsruhe,3,0,H,2,0,H,11,13,4,4,14,15,4,5,5,3,0,0,1.95,3.6,3.6,2.05,3.5,3.25,1.96,3.8,3.25,1.95,3.6,3.3,2.05,3.6,3.4,1.95,3.4,3.2,1.95,3.4,3.2,2.03,3.65,3.54,2.05,3.9,3.6,1.99,3.59,3.31,2.16,3.7,3.6,1.7,2.1,1.71,2.17,1.7,2.32,1.64,2.15,1.01,1.25,-0.5,2,1.8,2.04,1.83,2,1.8,1.96,1.77,,,1.91,3.6,3.75,1.95,3.5,3.5,2,3.6,3.25,1.91,3.6,3.7,2,3.6,3.5,1.95,3.4,3.3,1.95,3.4,3.3,2.01,3.76,3.69,2.04,3.7,3.75,1.96,3.54,3.48,2.06,3.85,3.8,1.73,2.08,1.64,2.36,1.73,2.1,1.7,2.05,1.8,2.22,-0.5,1.93,1.88,2.02,1.88,2,1.88,1.93,1.79,2.06,1.92
D2,26/09/2025,17:30,Darmstadt,Dresden,2,0,H,1,0,H,11,12,4,0,15,13,6,4,2,1,0,0,1.62,4.1,4,1.67,4,4.33,1.65,4.3,4.25,1.65,4.1,4.4,1.7,4.2,4.33,1.65,3.9,3.9,1.65,3.9,3.9,1.71,4.47,4.4,1.7,4.4,4.5,1.66,4.11,4.24,1.73,4.5,4.7,1.48,2.6,1.49,2.69,1.5,2.63,1.46,2.56,1.52,2.8,-0.75,1.83,1.98,1.89,2.01,1.83,1.98,1.79,1.92,1.9,2.04,1.67,4.33,4.2,1.67,4,4.33,1.64,4.25,4.35,1.65,4.1,4.4,1.71,4.2,4.2,1.67,3.9,3.9,1.67,3.9,3.9,1.71,4.47,4.4,1.71,4.35,4.5,1.66,4.12,4.26,1.77,4.7,4.4,1.53,2.4,1.49,2.69,1.54,2.6,1.49,2.48,1.58,2.66,-0.75,1.88,1.93,1.89,2.01,1.88,1.93,1.8,1.91,1.93,2.04
D2,26/09/2025,17:30,Schalke 04,Greuther Furth,1,0,H,0,0,D,24,7,7,2,8,15,10,6,2,2,0,0,1.85,3.9,3.6,1.9,3.6,3.75,1.82,3.85,3.75,1.83,3.75,3.9,1.87,3.8,3.9,1.8,3.5,3.6,1.8,3.5,3.6,1.87,3.91,4.11,1.9,4,3.9,1.84,3.75,3.76,1.91,4,4.2,1.7,2.1,1.74,2.17,1.7,2.17,1.65,2.13,1.76,2.28,-0.5,1.83,1.98,1.87,2.03,1.85,1.98,1.8,1.92,1.91,2.08,1.75,4,3.9,1.73,3.75,4.2,1.73,4,4.1,1.75,3.8,4.2,1.8,3.9,4.1,1.75,3.6,3.75,1.75,3.6,3.75,1.87,3.91,4.11,1.8,4.1,4.33,1.75,3.81,4.08,1.88,4.1,4.3,1.67,2.15,1.74,2.17,1.7,2.2,1.65,2.13,1.75,2.28,-0.75,2,1.8,2.11,1.78,2,1.82,1.93,1.78,2.11,1.87
D2,27/09/2025,12:00,Elversberg,Holstein Kiel,1,0,H,0,0,D,19,12,4,3,11,14,9,4,4,2,0,0,2.1,3.8,3,2.1,3.6,3.1,2.04,3.75,3.15,2.1,3.6,3,2.2,3.8,2.9,2.15,3.5,2.75,2.15,3.5,2.75,2.16,3.95,3.11,2.2,3.85,3.25,2.12,3.66,2.99,2.26,3.95,3.25,1.57,2.35,1.59,2.45,1.62,2.38,1.56,2.28,1.62,2.46,-0.25,1.88,1.93,1.91,1.98,1.88,1.95,1.8,1.91,1.97,2.01,2.15,3.7,3,2.1,3.5,3.1,2.04,3.6,3.25,2.1,3.6,3.13,2.2,3.6,3.1,2,3.4,3.1,2,3.4,3.1,1.94,3.9,3.8,2.2,3.7,3.35,2.09,3.55,3.14,2.08,3.95,3.7,1.67,2.15,1.7,2.24,1.71,2.15,1.67,2.09,1.72,2.34,-0.25,1.9,1.9,1.7,2.26,1.9,1.96,1.8,1.92,1.82,2.2
D2,27/09/2025,12:00,Karlsruhe,Magdeburg,1,0,H,0,0,D,16,21,6,6,10,13,8,5,1,6,0,0,2.15,3.6,3.1,2.1,3.6,3.1,2.02,3.95,3.1,2.1,3.7,2.9,2.2,3.75,2.95,2.1,3.5,2.8,2.1,3.5,2.8,2.15,3.8,3.23,2.2,4.1,3.2,2.1,3.71,3,2.24,3.8,3.3,1.53,2.4,1.57,2.45,1.55,2.45,1.52,2.38,1.56,2.28,-0.25,1.85,1.95,1.88,2,1.85,1.98,1.8,1.92,1.94,2.01,2.4,3.7,2.63,2.38,3.6,2.63,2.33,3.65,2.7,2.38,3.75,2.63,2.3,3.75,2.75,2.2,3.5,2.62,2.2,3.5,2.62,2.27,3.8,3.03,2.4,3.75,2.8,2.33,3.66,2.67,2.42,3.95,2.92,1.5,2.5,1.59,2.48,1.54,2.55,1.49,2.48,1.56,2.72,0,1.8,2,1.69,2.27,1.8,2.1,1.75,2,1.84,2.16
D2,27/09/2025,12:00,Paderborn,Kaiserslautern,2,0,H,0,0,D,25,9,11,3,9,9,8,2,2,0,0,1,1.9,3.9,3.6,1.95,3.6,3.4,1.96,3.85,3.3,1.87,3.7,3.5,1.95,3.75,3.5,1.91,3.5,3.3,1.91,3.5,3.3,1.92,4.07,3.68,2,4,3.6,1.92,3.74,3.41,2.02,4,3.7,1.62,2.25,1.62,2.35,1.62,2.33,1.58,2.25,1.65,2.38,-0.5,1.9,1.9,1.93,1.96,1.95,1.9,1.89,1.82,2.02,1.95,2.05,3.75,3.3,2.05,3.5,3.25,2.02,3.6,3.3,2,3.6,3.3,2.05,3.7,3.4,1.95,3.4,3.2,1.95,3.4,3.2,2.03,3.83,3.58,2.08,3.75,3.45,2.02,3.57,3.3,2.14,3.85,3.55,1.65,2.2,1.74,2.18,1.74,2.2,1.67,2.1,1.73,2.3,-0.5,2.03,1.78,2.03,1.87,2.03,1.8,1.99,1.75,2.14,1.86
D2,27/09/2025,19:30,Bochum,Fortuna Dusseldorf,0,1,A,0,1,A,23,7,4,3,15,14,4,3,5,3,0,0,2.15,3.5,3.1,2.1,3.5,3.1,2.07,3.75,3.1,2.1,3.6,3,2.15,3.75,3,2.05,3.5,2.87,2.05,3.5,2.87,2.19,3.66,3.14,2.16,3.8,3.15,2.11,3.59,3.04,2.24,3.85,3.2,1.67,2.15,1.68,2.22,1.67,2.25,1.61,2.19,1.66,2.18,-0.25,1.9,1.9,1.93,1.94,1.9,1.92,1.82,1.88,1.95,1.97,2.2,3.5,3,2.2,3.4,3,2.07,3.75,3.1,2.2,3.6,2.9,2.25,3.6,2.95,2.15,3.4,2.8,2.15,3.4,2.8,2.29,3.76,3.02,2.25,3.8,3.15,2.18,3.56,2.96,2.36,3.9,3.1,1.7,2.1,1.65,2.33,1.7,2.25,1.63,2.16,1.75,2.3,-0.25,1.9,1.9,2.01,1.89,1.91,1.92,1.85,1.86,2.05,1.93
D2,28/09/2025,12:30,Hannover,Bielefeld,3,1,H,0,1,A,13,11,4,1,16,11,4,2,2,1,0,0,1.83,3.75,3.9,1.8,3.75,4,1.75,4,3.85,1.8,3.8,3.7,1.85,3.9,3.8,1.8,3.6,3.5,1.8,3.6,3.5,1.83,3.93,4.01,1.85,4.2,4,1.8,3.84,3.77,1.87,4.1,4.2,1.57,2.35,1.58,2.42,1.57,2.4,1.54,2.34,1.58,2.52,-0.5,1.8,2,1.84,2.02,1.83,2,1.76,1.96,1.87,2.11,1.85,3.6,3.9,1.9,3.6,3.75,1.85,3.95,3.55,1.85,3.8,3.7,1.85,3.8,3.9,1.8,3.6,3.6,1.8,3.6,3.6,1.88,3.91,4.06,1.9,4,4,1.84,3.74,3.75,1.95,3.9,4.2,1.65,2.2,1.67,2.27,1.65,2.32,1.59,2.24,1.7,2.34,-0.5,1.83,1.98,1.88,2.02,1.85,1.98,1.81,1.91,1.95,2.03
D2,28/09/2025,12:30,Nurnberg,Hertha,0,3,A,0,2,A,12,14,4,4,12,22,6,1,2,3,0,0,2.25,3.5,3,2.25,3.4,2.88,2.23,3.7,2.8,2.2,3.5,2.88,2.25,3.5,2.95,2.2,3.3,2.8,2.2,3.3,2.8,2.28,3.64,2.99,2.3,3.8,3.1,2.22,3.51,2.88,2.26,3.7,3.2,1.67,2.15,1.72,2.14,1.7,2.28,1.65,2.12,1.7,2.26,-0.25,1.95,1.85,1.99,1.87,1.95,1.85,1.91,1.79,1.98,1.95,2.25,3.6,2.9,2.25,3.5,2.88,2.25,3.65,2.75,2.25,3.6,2.8,2.3,3.6,2.9,2.2,3.3,2.75,2.1,3.3,2.87,2.28,3.73,3.07,2.33,3.75,2.9,2.24,3.54,2.84,2.28,3.85,3.25,1.6,2.3,1.61,2.4,1.63,2.3,1.59,2.23,1.66,2.46,-0.25,2,1.8,1.99,1.91,2,1.8,1.94,1.77,2,1.98
D2,28/09/2025,12:30,Preußen Münster,Braunschweig,3,1,H,1,0,H,11,12,4,5,16,16,3,9,3,4,0,0,1.95,3.6,3.6,1.95,3.5,3.5,1.92,3.7,3.55,1.95,3.6,3.3,2,3.75,3.4,1.95,3.5,3.2,1.95,3.5,3.2,2,3.7,3.58,2.05,3.8,3.65,1.97,3.58,3.42,1.88,3.5,3.8,1.67,2.15,1.7,2.17,1.7,2.15,1.66,2.11,1.7,2.24,-0.5,1.98,1.83,2.01,1.85,2,1.83,1.92,1.8,1.88,1.82,2,3.4,3.6,2.05,3.4,3.4,2.02,3.5,3.3,2.05,3.5,3.3,2.1,3.5,3.4,2,3.25,3.2,2,3.25,3.2,2.19,3.42,3.52,2.2,3.6,3.6,2.06,3.41,3.35,2.22,3.5,3.65,1.9,1.9,1.93,1.95,1.9,1.97,1.81,1.9,1.95,2.02,-0.25,1.83,1.98,1.88,2.02,1.83,1.99,1.77,1.94,1.9,2.06
D2,03/10/2025,17:30,Braunschweig,Paderborn,1,2,A,0,1,A,7,16,2,3,16,14,4,4,3,2,0,0,4,3.7,1.85,3.75,3.5,1.91,3.7,3.65,1.87,3.8,3.7,1.85,3.8,3.75,1.88,3.5,3.5,1.83,3.5,3.5,1.83,,,,4,3.75,1.92,3.72,3.62,1.87,4.1,3.9,1.97,1.75,2.05,1.79,2.09,1.75,2.1,1.72,2.02,1.82,2.18,0.5,1.95,1.85,1.93,1.96,1.95,1.9,1.88,1.84,2.02,1.96,3.5,3.8,1.91,3.6,3.6,1.91,3.65,3.75,1.87,3.5,3.75,1.91,3.7,3.8,1.9,3.4,3.5,1.83,3.4,3.5,1.83,4.13,3.85,1.88,3.75,3.85,1.95,3.56,3.68,1.9,4,3.85,2.02,1.57,2.35,1.78,2.1,1.67,2.35,1.6,2.22,1.72,2.34,0.5,1.85,1.95,2.02,1.88,1.9,1.95,1.85,1.87,1.96,2.02
D2,03/10/2025,17:30,Fortuna Dusseldorf,Nurnberg,2,3,A,0,1,A,12,17,7,7,14,11,1,2,3,2,0,0,2.38,3.7,2.7,2.38,3.4,2.75,2.48,3.65,2.48,2.3,3.6,2.75,2.4,3.7,2.7,2.3,3.4,2.5,2.3,3.4,2.5,2.48,3.75,2.76,2.55,3.75,2.75,2.39,3.55,2.64,2.5,3.85,2.86,1.67,2.15,1.7,2.21,1.67,2.2,1.64,2.14,1.74,2.3,0,1.8,2,1.84,2.06,1.83,2.01,1.76,1.98,1.86,2.12,2.5,3.6,2.6,2.38,3.4,2.75,2.35,3.65,2.65,2.3,3.6,2.8,2.35,3.6,2.75,2.25,3.4,2.62,2.25,3.4,2.62,2.45,3.72,2.81,2.5,3.75,2.8,2.36,3.54,2.69,2.54,3.85,2.84,1.7,2.1,1.7,2.21,1.7,2.2,1.66,2.11,1.78,2.24,0,1.83,1.98,1.82,2.09,1.83,2.01,1.76,1.98,1.88,2.1
D2,04/10/2025,12:00,Hertha,Preußen Münster,2,1,H,1,0,H,17,17,7,6,12,9,5,4,4,3,0,0,2,3.75,3.4,2.05,3.5,3.3,2.1,3.7,3,1.95,3.5,3.4,2,3.7,3.4,1.95,3.5,3.2,1.95,3.5,3.2,2.01,3.65,3.59,2.16,3.8,3.5,2.02,3.58,3.28,2.08,3.8,3.7,1.75,2.05,1.78,2.06,1.75,2.17,1.7,2.05,1.82,2.1,-0.5,2,1.8,2.03,1.85,2.07,1.83,1.99,1.74,2.08,1.87,1.91,3.8,3.6,1.91,3.5,3.75,1.94,3.8,3.35,1.95,3.6,3.5,1.9,3.7,3.9,1.83,3.4,3.6,1.83,3.4,3.6,1.96,3.77,3.86,2,3.9,3.9,1.91,3.63,3.61,2,4,3.95,1.73,2.08,1.78,2.12,1.73,2.17,1.7,2.06,1.81,2.2,-0.5,1.9,1.9,1.96,1.93,1.91,1.9,1.88,1.83,1.99,2
D2,04/10/2025,12:00,Holstein Kiel,Darmstadt,1,1,D,0,0,D,22,8,7,1,9,13,5,0,1,1,0,0,2.4,3.5,2.75,2.4,3.3,2.75,2.38,3.65,2.63,2.38,3.5,2.63,2.45,3.5,2.7,2.37,3.3,2.6,2.37,3.3,2.6,2.52,3.41,2.8,2.45,3.75,2.75,2.4,3.45,2.69,2.52,3.6,2.86,1.7,2.1,1.74,2.12,1.7,2.17,1.67,2.1,1.77,2.18,0,1.8,2,1.84,2.04,1.8,2.05,1.76,1.97,1.85,2.07,2.38,3.6,2.7,2.4,3.4,2.75,2.4,3.65,2.6,2.4,3.6,2.63,2.37,3.6,2.75,2.2,3.3,2.7,2.3,3.3,2.62,2.34,3.63,3.02,2.4,3.75,2.88,2.36,3.5,2.7,2.48,3.75,2.94,1.62,2.25,1.65,2.33,1.65,2.25,1.61,2.19,1.71,2.38,-0.25,2.1,1.7,2.04,1.86,2.1,1.77,2.03,1.7,2.14,1.84
D2,04/10/2025,12:00,Kaiserslautern,Bochum,3,2,H,1,1,D,22,10,10,2,9,13,11,2,2,5,0,0,2.05,3.7,3.2,2.05,3.5,3.25,2.02,3.65,3.25,2.05,3.6,3.1,2.1,3.8,3.2,2,3.5,3,2,3.5,3,2.08,3.72,3.35,2.1,3.8,3.35,2.05,3.6,3.18,2.1,3.95,3.5,1.6,2.3,1.64,2.3,1.66,2.3,1.61,2.2,1.64,2.4,-0.25,1.8,2,1.83,2.05,1.8,2,1.76,1.96,1.85,2.12,2,3.7,3.4,1.95,3.6,3.4,1.94,3.7,3.4,2,3.75,3.25,2,3.8,3.4,1.91,3.5,3.25,1.91,3.5,3.25,2.03,3.86,3.53,2,3.8,3.5,1.97,3.67,3.35,2.06,3.95,3.75,1.57,2.35,1.64,2.36,1.65,2.35,1.59,2.23,1.66,2.46,-0.5,1.98,1.83,2.04,1.86,2,1.83,1.94,1.79,2.06,1.92
D2,04/10/2025,19:30,Dresden,Karlsruhe,3,3,D,1,2,A,13,22,4,6,10,12,3,7,1,1,0,0,2.15,3.75,3,2.2,3.5,3,2.3,3.65,2.7,2.2,3.6,2.8,2.2,3.8,2.9,2.1,3.5,2.75,2.1,3.5,2.75,2.23,3.67,3.06,2.33,3.8,3.1,2.2,3.59,2.86,2.26,3.8,3.2,1.62,2.25,1.65,2.28,1.62,2.3,1.58,2.24,1.66,2.36,-0.25,1.9,1.9,1.95,1.91,1.98,1.9,1.92,1.78,1.98,1.96,2.2,3.7,2.9,2.2,3.5,3,2.12,3.75,3,2.25,3.6,2.8,2.2,3.6,3,2.1,3.4,2.87,2.1,3.4,2.87,2.25,3.6,3.21,2.25,3.8,3.05,2.17,3.56,2.95,2.3,3.85,3.2,1.67,2.15,1.7,2.23,1.67,2.25,1.63,2.17,1.75,2.3,-0.25,1.95,1.85,1.95,1.93,1.95,1.89,1.87,1.84,2,1.98
D2,05/10/2025,12:30,Bielefeld,Schalke 04,1,2,A,0,2,A,11,11,4,4,16,13,6,2,3,2,0,0,2.3,3.8,2.75,2.3,3.4,2.88,2.33,3.65,2.7,2.25,3.5,2.8,2.3,3.7,2.8,2.2,3.5,2.7,2.2,3.5,2.7,2.35,3.75,2.81,2.35,3.8,2.88,2.29,3.56,2.76,2.46,3.7,2.88,1.7,2.1,1.73,2.14,1.7,2.15,1.66,2.1,1.74,2.18,-0.25,2.03,1.78,2.07,1.81,2.03,1.78,1.97,1.74,2.15,1.81,2.7,3.6,2.4,2.63,3.3,2.5,2.5,3.6,2.5,2.6,3.3,2.6,2.75,3.5,2.45,2.62,3.25,2.3,2.62,3.25,2.3,2.66,3.6,2.64,2.75,3.6,2.6,2.64,3.41,2.45,2.82,3.85,2.56,1.9,1.9,1.88,2.01,1.9,1.98,1.83,1.89,1.91,2.04,0,2,1.8,1.95,1.93,2,1.85,1.91,1.81,2.07,1.91
D2,05/10/2025,12:30,Greuther Furth,Hannover,2,2,D,1,1,D,12,10,5,6,9,14,3,6,2,1,0,0,3.5,3.8,1.95,3.4,3.6,1.95,3.4,3.65,1.95,3.3,3.7,1.93,3.3,3.8,2,3.1,3.5,1.95,3.1,3.5,1.95,3.48,3.86,1.99,3.5,3.8,2,3.33,3.67,1.96,3.35,4.1,2.1,1.57,2.35,1.58,2.41,1.64,2.35,1.58,2.24,1.61,2.4,0.25,2.08,1.73,2.12,1.75,2.08,1.73,2.03,1.69,2.08,1.84,4.33,4.1,1.73,4,3.75,1.8,3.7,3.95,1.82,3.8,3.9,1.8,4.1,4,1.77,3.8,3.7,1.7,3.8,3.7,1.7,3.7,4.01,1.94,4.33,4.1,1.87,3.95,3.91,1.76,4.5,4.3,1.81,1.53,2.4,1.56,2.53,1.55,2.4,1.53,2.36,1.57,2.68,0.75,1.9,1.9,1.72,2.2,1.9,2.02,1.76,1.96,1.97,1.99
D2,05/10/2025,12:30,Magdeburg,Elversberg,0,4,A,0,2,A,15,20,5,8,12,6,7,13,1,2,0,0,2.6,3.6,2.5,2.5,3.5,2.5,2.43,3.7,2.55,2.5,3.6,2.45,2.55,3.75,2.5,2.4,3.5,2.37,2.4,3.5,2.37,2.69,3.59,2.52,2.6,3.8,2.63,2.5,3.6,2.48,2.7,3.8,2.44,1.57,2.35,1.57,2.44,1.58,2.4,1.54,2.33,1.57,2.46,0,1.95,1.85,1.99,1.86,1.95,1.85,1.89,1.83,2.02,1.88,2.45,3.7,2.55,2.5,3.6,2.5,2.5,3.9,2.38,2.4,3.75,2.55,2.55,3.75,2.5,2.4,3.5,2.37,2.4,3.5,2.37,2.61,3.73,2.62,2.6,4,2.55,2.48,3.7,2.47,2.64,4,2.66,1.48,2.6,1.52,2.59,1.48,2.65,1.45,2.57,1.54,2.8,0,1.85,1.95,1.93,1.95,1.95,1.95,1.85,1.87,1.98,2
D2,17/10/2025,17:30,Fortuna Dusseldorf,Braunschweig,1,2,A,0,2,A,14,14,5,5,12,10,9,2,1,2,0,0,1.85,3.6,4,1.9,3.6,3.75,1.81,3.8,3.85,1.87,3.7,3.7,1.88,3.75,3.8,1.8,3.5,3.6,1.8,3.5,3.6,1.93,3.79,3.97,1.91,3.85,4,1.85,3.66,3.79,1.93,3.8,4.3,1.7,2.1,1.71,2.2,1.7,2.16,1.64,2.14,1.75,2.28,-0.5,1.88,1.93,1.93,1.96,1.88,1.95,1.81,1.9,1.93,2.04,1.85,3.6,4,1.9,3.6,3.75,1.81,3.8,3.85,1.85,3.7,3.8,1.9,3.7,3.9,1.83,3.4,3.6,1.83,3.4,3.6,1.93,3.71,4.04,1.91,3.85,4,1.85,3.62,3.81,1.98,3.75,4.3,1.7,2.1,1.7,2.22,1.73,2.16,1.68,2.08,1.79,2.22,-0.5,1.85,1.95,1.93,1.95,1.85,1.95,1.81,1.9,1.98,2.01
D2,17/10/2025,17:30,Hannover,Schalke 04,0,3,A,0,2,A,13,16,3,5,7,20,9,7,0,2,0,0,1.95,3.5,3.8,1.91,3.5,3.75,1.86,3.75,3.7,1.9,3.6,3.7,1.95,3.6,3.75,1.91,3.3,3.5,1.91,3.3,3.5,1.97,3.62,3.98,1.95,3.8,3.8,1.91,3.53,3.7,1.99,3.8,4.1,1.83,1.98,1.79,2,1.83,2.1,1.75,1.98,1.87,2.1,-0.5,1.93,1.88,1.97,1.92,1.93,1.9,1.86,1.85,1.99,1.98,1.95,3.5,3.7,1.91,3.5,3.75,1.9,3.55,3.7,1.95,3.6,3.5,1.95,3.7,3.7,1.91,3.4,3.4,1.91,3.4,3.4,2.05,3.49,3.84,1.95,3.7,4,1.92,3.52,3.65,2.06,3.75,4,1.75,2.05,1.92,1.97,1.8,2.05,1.74,1.99,1.86,2.12,-0.5,1.98,1.83,2.06,1.85,1.98,1.9,1.88,1.83,2.06,1.93
D2,18/10/2025,12:00,Karlsruhe,Kaiserslautern,2,3,A,0,1,A,18,12,10,4,17,13,7,1,6,4,0,0,2.5,3.5,2.63,2.5,3.4,2.63,2.43,3.5,2.65,2.4,3.5,2.55,2.45,3.6,2.65,2.37,3.4,2.5,2.37,3.4,2.5,2.54,3.59,2.67,2.5,3.6,2.7,2.44,3.49,2.6,2.52,3.8,2.78,1.62,2.25,1.65,2.27,1.62,2.25,1.6,2.21,1.65,2.34,0,1.85,1.95,1.88,1.98,1.85,1.95,1.81,1.91,1.88,2.05,2.55,3.6,2.55,2.4,3.5,2.6,2.43,3.5,2.65,2.45,3.6,2.55,2.45,3.7,2.65,2.3,3.4,2.5,2.3,3.4,2.5,2.49,3.69,2.77,2.55,3.7,2.7,2.44,3.52,2.59,2.62,3.8,2.72,1.57,2.35,1.59,2.44,1.6,2.38,1.56,2.3,1.63,2.58,0,1.9,1.9,1.85,2.06,1.9,1.95,1.82,1.9,1.94,2.02
D2,18/10/2025,12:00,Paderborn,Bielefeld,4,3,H,1,2,A,20,16,9,4,20,15,8,5,5,3,0,0,1.75,3.6,4.5,1.8,3.75,4,1.79,3.9,3.8,1.73,3.8,4,1.8,3.8,4.1,1.75,3.6,3.8,1.75,3.6,3.8,1.76,3.65,4.75,1.82,3.95,4.75,1.76,3.72,4.1,1.79,4.1,4.9,1.62,2.25,1.64,2.31,1.65,2.25,1.6,2.21,1.64,2.36,-0.75,1.98,1.83,2.01,1.87,1.98,1.83,1.94,1.78,1.98,1.94,1.7,3.7,5,1.67,3.75,4.5,1.68,4,4.25,1.67,4,4.5,1.73,3.9,4.5,1.67,3.6,4.2,1.67,3.6,4.2,1.71,3.81,5.3,1.73,4.1,5,1.68,3.81,4.57,1.76,4,5.3,1.6,2.3,1.66,2.3,1.64,2.32,1.59,2.24,1.68,2.42,-0.75,1.88,1.93,1.91,1.99,1.88,1.93,1.82,1.89,1.96,2.02
D2,18/10/2025,12:00,Preußen Münster,Dresden,2,2,D,0,1,A,12,14,3,6,23,13,4,3,2,3,0,1,2.3,3.7,2.8,2.3,3.5,2.8,2.28,3.55,2.75,2.25,3.5,2.8,2.3,3.7,2.85,2.2,3.4,2.7,2.2,3.4,2.7,2.33,3.79,2.81,2.3,3.75,2.85,2.27,3.56,2.78,2.34,3.9,3,1.67,2.15,1.69,2.22,1.76,2.16,1.67,2.09,1.7,2.28,-0.25,2.03,1.78,2.06,1.83,2.03,1.78,1.95,1.76,2.06,1.88,2.3,3.75,2.75,2.3,3.5,2.75,2.28,3.6,2.75,2.3,3.6,2.75,2.3,3.7,2.8,2.2,3.4,2.62,2.2,3.4,2.62,2.39,3.78,2.86,2.38,3.75,2.88,2.29,3.57,2.75,2.42,3.8,3,1.62,2.25,1.68,2.26,1.7,2.25,1.63,2.16,1.7,2.36,-0.25,2.03,1.78,2.09,1.82,2.03,1.78,1.95,1.75,2.1,1.86
D2,18/10/2025,19:30,Bochum,Hertha,3,2,H,2,0,H,10,13,3,6,22,9,1,6,3,3,0,0,2.35,3.4,2.9,2.3,3.5,2.8,2.25,3.55,2.85,2.25,3.6,2.7,2.35,3.5,2.87,2.25,3.3,2.7,2.25,3.3,2.7,2.48,3.28,2.95,2.45,3.6,2.9,2.32,3.41,2.81,2.48,3.75,2.98,1.6,2.3,1.63,2.32,1.6,2.3,1.57,2.26,1.64,1.8,-0.25,2.03,1.78,2.12,1.75,2.03,1.79,1.96,1.75,2.14,1.84,2.6,3.4,2.55,2.5,3.5,2.5,2.45,3.55,2.6,2.55,3.6,2.45,2.55,3.6,2.55,2.4,3.4,2.45,2.4,3.4,2.45,2.61,3.62,2.67,2.6,3.6,2.63,2.5,3.51,2.53,2.7,3.8,2.72,1.57,2.35,1.58,2.5,1.6,2.4,1.55,2.32,1.63,2.58,0,1.95,1.85,1.92,1.97,1.95,1.9,1.88,1.84,1.99,2
D2,19/10/2025,12:30,Darmstadt,Magdeburg,0,0,D,0,0,D,11,13,6,2,15,16,1,5,2,1,1,0,1.8,3.6,4.5,1.8,4,3.75,1.77,3.85,4,1.73,4,3.8,1.8,4,3.9,1.73,3.75,3.6,1.73,3.75,3.6,1.78,3.8,4.45,1.81,4,4.5,1.77,3.8,3.95,1.78,4.1,4.7,1.48,2.6,1.49,2.64,1.48,2.65,1.46,2.56,1.5,2.66,-0.75,1.98,1.83,1.99,1.86,1.98,1.83,1.93,1.78,,,1.83,3.8,4,1.8,3.75,4,1.76,3.8,4,1.75,4,3.9,1.8,3.9,4,1.73,3.6,3.75,1.73,3.6,3.75,1.81,3.95,4.41,1.83,4,4.2,1.77,3.78,3.98,1.84,4.3,4.4,1.53,2.4,1.51,2.68,1.54,2.55,1.5,2.45,1.58,2.7,-0.5,1.83,1.98,1.8,2.11,1.83,2.05,1.74,1.98,1.84,2.17
D2,19/10/2025,12:30,Elversberg,Greuther Furth,6,0,H,1,0,H,18,10,8,5,10,11,6,3,1,3,0,0,1.57,4.33,5,1.57,4.2,5,1.58,4.35,4.6,1.55,4.2,4.8,1.62,4.2,5,1.57,3.9,4.5,1.57,3.9,4.5,1.59,4.41,5.07,1.62,4.4,5,1.58,4.19,4.76,1.59,4.4,4,1.5,2.5,1.53,2.56,1.53,2.65,1.49,2.48,1.01,1.25,-1,1.98,1.83,1.99,1.86,1.98,1.85,1.92,1.8,,,1.48,4.75,5.75,1.5,4.5,5.5,1.5,4.7,5,1.45,4.6,6,1.53,4.6,5.5,1.48,4.2,5,1.48,4.2,5,1.56,4.65,5.56,1.53,4.75,6,1.49,4.54,5.43,1.55,4.8,6.6,1.48,2.6,1.48,2.76,1.48,2.7,1.44,2.6,1.51,2.9,-1.25,2,1.8,2.19,1.75,2,1.8,1.98,1.74,2.14,1.85
D2,19/10/2025,12:30,Nurnberg,Holstein Kiel,1,1,D,1,0,H,16,12,6,4,8,16,3,7,3,1,0,0,2.6,3.25,2.7,2.5,3.3,2.63,2.5,3.5,2.5,2.5,3.4,2.55,2.55,3.5,2.6,2.45,3.3,2.45,2.45,3.3,2.45,2.52,3.6,2.68,2.6,3.6,2.7,2.49,3.42,2.58,2.54,3.55,2.82,1.73,2.08,1.75,2.1,1.77,2.08,1.73,2.01,1.69,1.25,0,1.85,1.95,1.87,1.99,1.85,1.95,1.81,1.9,,,2.45,3.1,2.63,2.5,3.4,2.63,2.55,3.5,2.55,2.45,3.5,2.63,2.5,3.6,2.65,2.37,3.3,2.5,2.37,3.3,2.5,2.56,3.51,2.79,2.55,3.6,2.71,2.47,3.41,2.61,2.62,3.65,2.84,1.7,2.1,1.74,2.18,1.75,2.15,1.68,2.07,1.78,2.26,0,1.83,1.98,1.86,2.04,1.83,2,1.8,1.93,1.92,2.07
D2,24/10/2025,17:30,Greuther Furth,Karlsruhe,1,4,A,0,2,A,16,13,5,8,7,18,9,5,0,3,0,0,2.8,3.6,2.3,2.8,3.5,2.3,2.5,3.75,2.43,2.75,3.7,2.25,2.75,3.75,2.35,2.6,3.5,2.25,2.6,3.5,2.25,2.78,3.74,2.37,2.8,3.8,2.45,2.7,3.63,2.31,2.9,3.95,2.42,1.53,2.4,1.56,2.45,1.57,2.45,1.52,2.39,1.59,2.62,0.25,1.8,2,1.8,2.09,1.8,2.1,1.71,2.02,1.86,2.11,3.3,3.7,1.95,3.1,3.6,2.1,3.1,3.85,2.04,3.25,3.8,2,3.2,3.8,2.1,3,3.5,2,3,3.5,2,2.78,3.74,2.37,3.3,3.9,2.1,3.14,3.72,2.03,3.35,4.2,2.1,1.5,2.5,1.56,2.45,1.52,2.5,1.49,2.45,1.55,2.74,0.5,1.83,1.98,1.61,2.37,1.83,2.05,1.75,1.98,1.87,2.1
D2,24/10/2025,17:30,Schalke 04,Darmstadt,1,0,H,1,0,H,10,7,2,1,16,13,6,4,5,1,0,0,2.1,3.6,3.2,2.1,3.4,3.2,2.2,3.6,2.88,2.15,3.5,3.13,2.2,3.4,3.2,2.1,3.2,3,2.1,3.2,3,2.25,3.63,3.04,2.23,3.65,3.3,2.14,3.45,3.1,2.24,3.65,3.5,1.8,2,1.74,2.13,1.8,2.02,1.75,1.99,1.84,2.12,-0.25,1.83,1.98,1.97,1.89,1.9,1.98,1.84,1.86,1.93,2.04,1.85,3.6,4.1,1.91,3.5,3.75,1.98,3.65,3.35,1.83,3.6,4,1.9,3.6,3.9,1.83,3.3,3.6,2.05,3.3,3.5,2.25,3.63,3.04,2.05,3.75,4.1,1.91,3.54,3.71,1.96,3.8,4.4,1.8,2,1.74,2.13,1.8,2.15,1.73,2.01,1.87,2.12,-0.5,1.83,1.98,2.25,1.68,1.95,1.98,1.87,1.84,1.96,2.04
D2,25/10/2025,12:00,Bielefeld,Elversberg,2,0,H,2,0,H,10,16,2,2,13,12,3,6,2,2,0,0,2.9,3.7,2.25,2.8,3.5,2.3,2.7,3.7,2.25,2.75,3.7,2.2,2.8,3.9,2.25,2.62,3.6,2.15,2.62,3.6,2.15,2.98,3.72,2.25,2.9,3.9,2.3,2.75,3.68,2.24,2.96,3.8,2.38,1.5,2.5,1.56,2.46,1.52,2.5,1.5,2.44,1.55,2.54,0.25,1.83,1.98,1.88,1.98,1.83,1.98,1.77,1.93,1.87,2.08,2.9,3.6,2.25,3,3.5,2.3,2.95,3.8,2.12,2.88,3.7,2.2,2.87,3.8,2.25,2.7,3.5,2.15,2.62,3.5,2.2,2.98,3.72,2.25,3,3.85,2.3,2.88,3.64,2.2,3.15,3.95,2.3,1.57,2.35,1.56,2.46,1.57,2.4,1.53,2.36,1.62,2.6,0.25,1.85,1.95,1.88,1.98,1.88,1.95,1.84,1.87,1.96,2
D2,25/10/2025,12:00,Dresden,Paderborn,1,2,A,1,1,D,8,12,3,4,9,14,10,4,2,2,0,0,3.2,3.9,2.05,3.25,3.5,2.05,3.05,3.7,2.08,3.13,3.6,2.05,3.2,3.9,2.05,3,3.6,2,3,3.6,2,3.19,3.71,2.14,3.35,3.9,2.1,3.16,3.68,2.04,3.35,3.7,2.12,1.6,2.3,1.64,2.29,1.62,2.32,1.58,2.25,1.65,2.32,0.5,1.75,2.05,1.74,2.14,1.83,2.05,1.73,2,1.83,2.12,3.5,3.8,1.95,3.4,3.6,1.95,3.05,3.8,2.06,3.4,3.75,1.95,3.5,3.8,1.95,3.3,3.5,1.85,3.1,3.5,1.95,3.19,3.71,2.14,3.5,3.8,2.08,3.34,3.71,1.96,3.7,4,2.04,1.6,2.3,1.64,2.29,1.62,2.38,1.57,2.28,1.67,2.44,0.5,1.85,1.95,1.74,2.14,1.85,2,1.79,1.92,1.95,2.04
D2,25/10/2025,12:00,Holstein Kiel,Bochum,1,1,D,0,0,D,19,12,8,2,7,18,9,7,1,5,0,0,1.91,4.1,3.4,1.9,3.75,3.5,1.97,3.75,3.3,1.85,3.7,3.6,1.93,3.9,3.6,1.85,3.6,3.3,1.85,3.6,3.3,1.88,4.16,3.61,2,4.1,3.6,1.91,3.79,3.43,1.93,4.2,3.75,1.57,2.35,1.63,2.32,1.62,2.35,1.57,2.26,1.2,1.25,-0.5,1.9,1.9,1.88,1.97,1.93,1.91,1.87,1.83,1.93,2,1.85,4,3.6,1.9,3.6,3.75,1.85,3.85,3.65,1.83,3.8,3.75,1.9,3.9,3.6,1.83,3.6,3.4,1.83,3.6,3.4,1.88,4.16,3.61,1.9,4,3.9,1.86,3.77,3.64,1.94,4.2,3.95,1.62,2.25,1.63,2.32,1.62,2.25,1.59,2.24,1.69,2.42,-0.5,1.85,1.95,1.88,1.97,1.85,1.95,1.82,1.89,1.94,2.05
D2,25/10/2025,19:30,Hertha,Fortuna Dusseldorf,1,0,H,0,0,D,11,18,4,4,12,7,6,7,2,2,0,0,1.85,3.8,3.75,1.91,3.6,3.6,1.84,3.9,3.55,1.85,3.7,3.6,1.9,3.9,3.6,1.85,3.6,3.3,1.85,3.6,3.3,1.94,3.87,3.61,1.91,3.95,4,1.86,3.74,3.6,1.95,1.13,3.85,1.6,2.3,1.59,2.4,1.62,2.43,1.56,2.29,1.46,1.82,-0.5,1.88,1.93,1.95,1.9,1.9,1.93,1.82,1.89,1.97,1.96,1.75,4,4.1,1.8,3.75,4,1.84,3.9,3.55,1.75,3.9,4,1.82,3.9,4,1.75,3.6,3.7,1.75,3.6,3.7,1.94,3.87,3.61,1.86,4,4.33,1.77,3.87,3.92,1.85,4.3,4.4,1.57,2.35,1.59,2.4,1.57,2.43,1.54,2.33,1.62,2.52,-0.75,1.98,1.83,2.22,1.69,2,1.83,1.95,1.76,2.08,1.9
D2,26/10/2025,12:30,Braunschweig,Hannover,0,3,A,0,2,A,8,24,3,12,9,17,2,5,2,5,1,0,3.8,3.6,1.9,3.6,3.6,1.91,3.55,3.65,1.91,3.6,3.6,1.87,3.6,3.9,1.9,3.4,3.6,1.83,3.4,3.6,1.83,3.79,3.75,1.93,3.8,3.9,1.94,3.61,3.66,1.88,3.8,3.95,2,1.65,2.2,1.66,2.25,1.65,2.2,1.63,2.16,1.68,2.3,0.5,1.9,1.9,1.92,1.93,1.91,1.9,1.86,1.85,1.93,2,3.75,3.4,1.95,3.6,3.4,1.95,3.55,3.65,1.93,3.6,3.5,1.95,3.7,3.6,1.98,3.4,3.3,1.91,3.4,3.3,1.91,3.79,3.75,1.93,3.8,3.65,2,3.61,3.46,1.95,4,3.55,2.06,1.9,1.9,1.66,2.25,1.9,2,1.8,1.92,1.95,2.02,0.5,1.8,2,1.92,1.93,1.85,2,1.8,1.91,1.9,2.06
D2,26/10/2025,12:30,Kaiserslautern,Nurnberg,1,1,D,1,0,H,14,11,7,4,17,16,4,8,3,3,0,0,2,3.75,3.4,2.05,3.5,3.25,2.02,3.75,3.2,2,3.6,3.25,2.05,3.7,3.3,1.95,3.4,3.1,1.95,3.4,3.1,2.08,3.7,3.34,2.05,3.8,3.4,2.01,3.61,3.25,2.1,3.9,3.45,1.62,2.25,1.66,2.26,1.65,2.25,1.61,2.19,1.58,2.3,-0.5,2,1.8,2.08,1.78,2,1.83,1.97,1.75,2.1,1.88,2.38,3.7,2.7,2.3,3.5,2.8,2.17,3.7,2.9,2.3,3.7,2.7,2.3,3.7,2.8,2.2,3.4,2.62,2.2,3.4,2.62,2.08,3.7,3.34,2.38,3.75,2.95,2.26,3.6,2.77,2.48,3.8,2.94,1.57,2.35,1.66,2.26,1.61,2.38,1.56,2.3,1.64,2.52,-0.25,2.03,1.78,1.83,2.04,2.03,1.85,1.93,1.78,2.16,1.85
D2,26/10/2025,12:30,Magdeburg,Preußen Münster,2,0,H,0,0,D,12,10,5,4,15,15,2,5,1,4,0,0,1.91,3.9,3.6,1.91,3.75,3.5,1.96,3.9,3.25,1.87,3.75,3.5,1.95,3.9,3.5,1.85,3.6,3.25,1.85,3.6,3.25,2.02,3.7,3.51,1.98,3.9,3.75,1.9,3.75,3.47,1.9,4.1,3.75,1.53,2.4,1.62,2.33,1.55,2.43,1.52,2.39,1.53,2.28,-0.5,1.9,1.9,2.03,1.83,1.92,1.91,1.87,1.84,1.9,1.98,1.91,3.9,3.5,1.91,3.75,3.5,1.89,3.9,3.45,1.9,3.8,3.5,1.93,3.8,3.7,1.85,3.5,3.4,1.85,3.5,3.4,2.02,3.7,3.51,1.93,4,3.8,1.89,3.76,3.54,1.96,3.85,4.2,1.57,2.35,1.62,2.33,1.57,2.42,1.53,2.36,1.63,2.54,-0.5,1.9,1.9,2.03,1.83,1.9,1.91,1.84,1.87,1.96,2.03
D2,31/10/2025,17:30,Elversberg,Hannover,2,2,D,1,1,D,13,10,7,2,13,15,5,4,3,2,0,0,2.25,3.75,2.88,2.3,3.5,2.8,2.35,3.65,2.65,2.25,3.6,2.8,2.35,3.75,2.7,2.25,3.5,2.6,2.25,3.5,2.6,,,,2.38,3.75,2.88,2.3,3.59,2.75,2.4,3.85,3,1.62,2.25,,,1.62,2.25,1.61,2.2,1.69,2.38,-0.25,2,1.8,,,2.02,1.8,1.98,1.74,2.08,1.88,2.3,3.9,2.7,2.25,3.6,2.8,2.33,3.7,2.7,2.25,3.7,2.8,2.3,3.8,2.75,2.2,3.5,2.6,2.2,3.5,2.6,,,,2.36,3.9,2.8,2.28,3.67,2.71,2.42,3.85,3,1.53,2.4,,,1.55,2.4,1.53,2.36,1.62,2.56,-0.25,2,1.8,,,2,1.8,1.97,1.75,2.08,1.9
D2,31/10/2025,17:30,Preußen Münster,Holstein Kiel,2,1,H,0,1,A,12,17,5,4,18,18,4,7,5,4,0,0,3.25,3.5,2.15,3.1,3.4,2.15,3.2,3.7,2.04,3.2,3.5,2.1,3.3,3.6,2.1,3.1,3.3,2,3.1,3.3,2,,,,3.33,3.7,2.15,3.2,3.47,2.09,3.45,3.65,2.22,1.73,2.08,,,1.73,2.15,1.68,2.08,1.79,2.2,0.25,1.95,1.85,,,1.96,1.85,1.93,1.78,2.03,1.92,3.25,3.4,2.2,3.2,3.4,2.1,3.2,3.65,2.05,3.2,3.5,2.1,3.3,3.5,2.1,3.1,3.3,2.05,3.1,3.3,2.05,,,,3.4,3.65,2.2,3.22,3.43,2.1,3.55,3.65,2.22,1.85,1.95,,,1.85,2.15,1.75,1.99,1.87,2.1,0.25,1.93,1.88,,,1.95,1.88,1.91,1.81,2.06,1.91
D2,01/11/2025,12:00,Hertha,Dresden,2,0,H,2,0,H,11,13,6,4,16,9,3,5,0,0,0,0,1.95,3.4,3.9,1.95,3.6,3.4,1.85,3.85,3.6,1.9,3.7,3.4,1.95,3.8,3.5,1.91,3.5,3.3,1.91,3.5,3.3,,,,1.95,3.9,4,1.91,3.6,3.57,2,3.7,4.1,1.57,2.35,,,1.57,2.45,1.53,2.36,1.6,2.48,-0.5,1.95,1.85,,,1.95,1.9,1.87,1.83,2,1.96,1.7,3.7,5,1.73,3.75,4.2,1.71,4,4.2,1.67,4.1,4.4,1.71,3.9,4.5,1.67,3.6,4.2,1.67,3.6,4.2,,,,1.73,4.1,5,1.69,3.86,4.4,1.78,4.2,4.8,1.53,2.4,,,1.53,2.55,1.49,2.45,1.59,2.66,-0.75,1.83,1.98,,,1.85,1.98,1.82,1.89,1.98,2
D2,01/11/2025,12:00,Karlsruhe,Schalke 04,2,1,H,0,0,D,8,11,3,4,13,15,2,7,4,5,0,0,2.8,3.1,2.6,2.63,3.3,2.5,2.6,3.3,2.55,2.6,3.4,2.45,2.75,3.4,2.5,2.6,3.2,2.37,2.6,3.2,2.37,,,,2.8,3.4,2.6,2.67,3.27,2.5,2.82,3.6,2.64,1.75,2.05,,,1.8,2.05,1.74,1.99,1.82,2.12,0,1.98,1.83,,,1.98,1.85,1.92,1.79,2.04,1.91,3.1,3.2,2.35,2.88,3.4,2.3,3,3.35,2.25,2.8,3.5,2.3,3,3.4,2.35,2.8,3.2,2.25,2.8,3.2,2.25,,,,3.1,3.5,2.35,2.93,3.33,2.29,3.15,3.55,2.44,1.73,2.08,,,1.8,2.1,1.71,2.04,1.77,2.26,0.25,1.78,2.03,,,1.8,2.03,1.77,1.94,1.89,2.09
D2,01/11/2025,12:00,Nurnberg,Braunschweig,2,1,H,2,1,H,5,12,2,4,13,13,1,9,2,3,0,1,1.73,3.8,4.5,1.8,3.6,4.2,1.79,3.8,3.95,1.73,3.7,4.1,1.75,3.9,4.33,1.7,3.6,3.9,1.7,3.6,3.9,,,,1.81,4,4.5,1.75,3.74,4.11,1.8,3.85,4.9,1.7,2.1,,,1.7,2.1,1.68,2.08,1.75,2.18,-0.75,1.98,1.83,,,1.98,1.83,1.94,1.77,2.03,1.89,1.67,3.9,4.75,1.67,4,4.5,1.7,3.85,4.3,1.67,3.9,4.6,1.68,3.9,4.8,1.61,3.6,4.4,1.65,3.7,4.33,,,,1.72,4,5,1.67,3.84,4.56,1.71,4.4,5.2,1.62,2.25,,,1.68,2.25,1.63,2.15,1.7,2.38,-0.75,1.85,1.95,,,1.85,1.95,1.82,1.88,1.91,2.08
D2,01/11/2025,19:30,Darmstadt,Bielefeld,2,2,D,2,1,H,19,10,8,3,14,12,9,9,4,1,0,0,1.85,4.1,3.5,1.9,3.75,3.5,1.92,3.9,3.35,1.83,3.75,3.6,1.95,3.8,3.5,1.91,3.6,3.25,1.91,3.6,3.25,,,,1.95,4.1,3.6,1.89,3.83,3.45,1.95,4.1,3.8,1.6,2.3,,,1.62,2.43,1.56,2.29,1.59,2.44,-0.5,1.85,1.95,,,1.9,1.95,1.85,1.86,1.94,1.98,2,3.9,3.2,2.05,3.5,3.25,1.93,3.8,3.35,2.05,3.7,3.25,2.05,3.8,3.25,2,3.5,3,2,3.5,3,,,,2.05,3.9,3.4,2.01,3.65,3.26,2.14,3.85,3.55,1.67,2.15,,,1.67,2.25,1.61,2.19,1.7,2.36,-0.5,2.03,1.78,,,2.03,1.85,1.95,1.77,2.14,1.86
D2,02/11/2025,12:30,Bochum,Magdeburg,2,0,H,1,0,H,24,15,9,6,10,5,8,7,2,4,0,0,2.3,3.6,2.88,2.3,3.5,2.8,2.1,3.85,2.95,,,,2.25,3.8,2.8,2.15,3.5,2.62,2.15,3.5,2.62,,,,2.3,3.85,3,2.23,3.61,2.81,2.34,4,2.94,1.57,2.35,,,1.57,2.55,1.52,2.4,1.01,1.25,-0.25,2,1.8,,,2,1.9,1.87,1.85,,,2.2,3.75,2.9,2.2,3.5,3,2.25,3.75,2.75,2.2,3.7,2.88,2.3,3.7,2.85,2.2,3.4,2.7,2.2,3.4,2.7,,,,2.3,3.8,3,2.23,3.61,2.84,2.34,3.9,3.1,1.57,2.35,,,1.58,2.5,1.53,2.36,1.64,2.54,-0.25,1.95,1.85,,,1.95,1.85,1.92,1.79,2.06,1.93
D2,02/11/2025,12:30,Fortuna Dusseldorf,Kaiserslautern,1,1,D,0,0,D,11,16,2,8,14,12,2,4,4,2,0,0,2.45,3.5,2.7,2.5,3.4,2.63,2.4,3.65,2.6,,,,2.45,3.8,2.55,2.37,3.6,2.45,2.37,3.6,2.45,,,,2.5,3.8,2.75,2.42,3.53,2.61,2.46,3.8,2.7,1.62,2.25,,,1.64,2.25,1.6,2.21,1.53,2.34,0,1.8,2,,,1.85,2,1.78,1.97,,,2.55,3.6,2.55,2.5,3.5,2.5,2.4,3.65,2.6,2.5,3.6,2.5,2.45,3.75,2.6,2.3,3.5,2.5,2.3,3.5,2.5,,,,2.55,3.75,2.63,2.45,3.59,2.55,2.64,3.85,2.72,1.57,2.35,,,1.58,2.38,1.56,2.3,1.64,2.54,0,1.9,1.9,,,1.91,1.91,1.85,1.87,1.96,2.02
D2,02/11/2025,12:30,Paderborn,Greuther Furth,2,1,H,1,0,H,14,19,6,7,15,18,5,5,1,3,0,0,1.4,4.75,7,1.36,5,7,1.38,5,6.5,,,,1.41,5,6.75,1.36,4.6,6,1.36,4.6,6,,,,1.41,5.1,7.5,1.38,4.8,6.81,1.42,5.3,8.6,1.44,2.7,,,1.46,2.8,1.43,2.66,1.46,2.88,-1.5,2.03,1.78,,,2.03,1.83,1.96,1.78,,,1.33,5.25,8,1.33,5,8,1.34,5.25,7,1.3,5.5,8,1.35,5.25,7.75,1.33,4.8,7,1.33,4.8,7,,,,1.36,5.5,8.5,1.33,5.12,7.58,1.39,5.8,8.8,1.4,2.88,,,1.43,2.95,1.4,2.76,1.45,3.05,-1.5,1.9,1.9,,,1.9,1.91,1.85,1.86,2,1.96
D2,07/11/2025,17:30,Dresden,Nurnberg,1,2,A,1,1,D,9,9,1,4,12,18,5,5,3,3,0,0,2.5,3.6,2.6,2.5,3.4,2.6,2.55,3.45,2.5,2.5,3.5,2.55,2.5,3.6,2.6,2.4,3.4,2.45,2.4,3.4,2.45,,,,2.6,3.6,2.62,2.49,3.48,2.56,2.7,3.75,2.74,1.7,2.1,,,1.7,2.12,1.66,2.1,1.76,2.28,0,1.85,1.95,,,1.85,1.95,1.82,1.89,1.99,2,2.5,3.6,2.55,2.5,3.4,2.6,2.55,3.45,2.5,2.45,3.6,2.55,2.55,3.7,2.55,2.4,3.4,2.4,2.4,3.4,2.4,,,,2.6,3.7,2.6,2.5,3.5,2.53,2.66,3.75,2.76,1.67,2.15,,,1.67,2.15,1.65,2.12,1.72,2.34,0,1.83,1.98,,,1.9,1.98,1.83,1.89,1.96,2.02
D2,07/11/2025,17:30,Greuther Furth,Preußen Münster,1,0,H,0,0,D,7,12,2,3,9,12,4,7,1,4,0,0,2.55,3.3,2.7,2.5,3.4,2.63,2.32,3.7,2.65,2.45,3.5,2.6,2.5,3.6,2.6,2.37,3.4,2.5,2.37,3.4,2.5,,,,2.55,3.7,2.7,2.44,3.51,2.61,2.62,3.8,2.76,1.7,2.1,,,1.7,2.25,1.63,2.16,1.74,2.32,0,1.88,1.93,,,1.88,1.95,1.81,1.9,1.95,2.04,2.7,3.3,2.55,2.5,3.4,2.6,2.35,3.55,2.7,2.55,3.5,2.5,2.6,3.6,2.5,2.5,3.3,2.4,2.5,3.3,2.4,,,,2.7,3.6,2.7,2.52,3.45,2.54,2.74,3.7,2.7,1.67,2.15,,,1.7,2.15,1.67,2.09,1.76,2.26,0,1.95,1.85,,,1.95,1.9,1.88,1.84,2,1.97
D2,08/11/2025,12:00,Bielefeld,Karlsruhe,4,0,H,1,0,H,19,8,6,2,7,11,3,5,0,2,0,0,2.2,3.6,3,2.3,3.5,2.8,2.2,3.7,2.85,2.2,3.6,2.8,2.25,3.8,2.85,2.15,3.5,2.7,2.15,3.5,2.7,,,,2.3,3.8,3,2.22,3.64,2.81,2.34,3.9,3.05,1.53,2.4,,,1.53,2.45,1.51,2.39,1.58,2.58,-0.25,1.98,1.83,,,1.98,1.83,1.91,1.79,2.04,1.91,1.95,3.7,3.5,2.05,3.6,3.2,2.08,3.75,3.05,2,3.8,3.2,2,3.8,3.4,1.91,3.5,3.2,1.91,3.5,3.2,,,,2.1,3.8,3.5,1.99,3.68,3.26,2.12,4,3.5,1.53,2.4,,,1.56,2.42,1.53,2.36,1.62,2.56,-0.5,1.98,1.83,,,2.04,1.83,1.97,1.75,2.12,1.87
D2,08/11/2025,12:00,Hannover,Darmstadt,2,3,A,2,1,H,20,16,10,8,16,12,5,5,2,1,0,0,2,3.5,3.5,1.95,3.6,3.4,2.02,3.65,3.25,1.95,3.6,3.3,2.05,3.75,3.25,2,3.5,3.1,2,3.5,3.1,,,,2.05,3.75,3.8,1.99,3.52,3.41,2.06,3.65,3.95,1.65,2.2,,,1.66,2.28,1.6,2.2,1.67,2.34,-0.5,1.98,1.83,,,1.98,1.85,1.94,1.77,2.06,1.92,2.15,3.4,3.2,2.05,3.5,3.3,2.06,3.5,3.3,2.1,3.6,3.13,2.05,3.5,3.4,2,3.25,3.2,2,3.25,3.2,,,,2.2,3.6,3.4,2.09,3.42,3.25,2.24,3.6,3.55,1.7,2.1,,,1.7,2.2,1.64,2.14,1.74,2.3,-0.25,1.85,1.95,,,1.85,1.96,1.78,1.93,1.92,2.05
D2,08/11/2025,12:00,Schalke 04,Elversberg,1,0,H,1,0,H,7,6,2,0,17,12,1,5,4,2,0,0,2.25,3.3,3.2,2.2,3.4,3,2.23,3.4,3,2.2,3.4,2.9,2.3,3.4,3.1,2.2,3.2,2.87,2.2,3.2,2.87,,,,2.3,3.45,3.33,2.24,3.28,3.06,2.34,3.45,3.4,1.75,2.05,,,1.8,2.07,1.73,2,1.84,2.08,-0.25,1.95,1.85,,,1.95,1.85,1.9,1.81,2.01,1.94,2.7,3.1,2.7,2.5,3.2,2.75,2.5,3.25,2.7,2.5,3.3,2.7,2.7,3.2,2.65,2.6,3,2.5,2.6,3,2.5,,,,2.71,3.3,2.75,2.59,3.15,2.67,2.8,3.4,2.86,2.03,1.78,,,2.03,1.95,1.9,1.82,2.06,1.9,0,1.9,1.9,,,1.91,1.92,1.83,1.89,1.96,2.02
D2,08/11/2025,19:30,Kaiserslautern,Hertha,0,1,A,0,1,A,16,9,9,3,9,13,7,4,2,3,0,0,2.25,3.6,2.88,2.3,3.5,2.8,2.16,3.7,2.9,2.2,3.7,2.75,2.3,3.75,2.75,2.2,3.5,2.62,2.2,3.5,2.62,,,,2.3,3.75,3,2.21,3.6,2.83,2.32,3.85,3.05,1.53,2.4,,,1.55,2.45,1.53,2.36,1.57,2.56,-0.25,1.98,1.83,,,1.98,1.85,1.89,1.81,2.02,1.91,2.3,3.5,2.8,2.4,3.4,2.75,2.2,3.7,2.88,2.3,3.6,2.75,2.35,3.7,2.75,2.25,3.4,2.6,2.25,3.4,2.6,,,,2.4,3.7,2.9,2.3,3.52,2.77,2.46,3.75,3,1.67,2.15,,,1.67,2.25,1.62,2.18,1.69,2.4,-0.25,2.03,1.78,,,2.03,1.83,1.94,1.77,2.13,1.86
D2,09/11/2025,12:30,Braunschweig,Bochum,0,2,A,0,1,A,23,13,6,4,10,10,10,9,3,3,0,0,2.9,3.6,2.25,2.88,3.4,2.3,2.65,3.6,2.35,2.8,3.5,2.25,2.87,3.7,2.25,2.7,3.4,2.15,2.7,3.4,2.15,,,,2.9,3.7,2.38,2.8,3.52,2.27,3.05,3.9,2.28,1.65,2.2,,,1.67,2.2,1.63,2.15,1.67,2.26,0.25,1.85,1.95,,,1.85,2.02,1.75,1.96,1.91,1.99,3,3.6,2.15,3,3.4,2.2,2.9,3.55,2.23,2.9,3.6,2.2,3,3.6,2.25,2.87,3.3,2.15,2.87,3.3,2.15,,,,3,3.6,2.25,2.95,3.49,2.2,3.25,3.75,2.32,1.67,2.15,,,1.67,2.2,1.65,2.12,1.74,2.28,0.25,1.9,1.9,,,1.9,1.91,1.82,1.89,1.97,2.01
D2,09/11/2025,12:30,Holstein Kiel,Fortuna Dusseldorf,1,0,H,0,0,D,13,17,4,6,9,16,3,5,1,3,0,0,1.9,3.7,3.7,1.91,3.6,3.6,1.9,3.9,3.4,1.87,3.6,3.6,1.88,3.8,3.75,1.83,3.5,3.5,1.83,3.5,3.5,,,,1.93,3.95,3.8,1.88,3.69,3.61,1.96,3.8,3.8,1.67,2.15,,,1.67,2.33,1.62,2.17,1.67,2.22,-0.5,1.9,1.9,,,1.9,1.91,1.85,1.86,1.96,1.94,1.7,3.9,4.33,1.8,3.75,4,1.79,4,3.75,1.73,3.9,4.2,1.78,3.9,4.1,1.73,3.6,3.8,1.73,3.6,3.8,,,,1.81,4,4.5,1.75,3.82,4.1,1.8,4,4.7,1.62,2.25,,,1.62,2.38,1.59,2.24,1.68,2.4,-0.75,1.9,1.9,,,1.96,1.9,1.92,1.8,2.02,1.93
D2,09/11/2025,12:30,Magdeburg,Paderborn,0,1,A,0,1,A,17,12,3,6,10,14,3,5,4,4,0,0,3.4,3.7,2,3.2,3.6,2.05,2.95,3.85,2.08,3.13,3.7,2,3.1,3.9,2.05,3,3.6,2,3,3.6,2,,,,3.5,3.9,2.1,3.17,3.67,2.03,3.6,3.8,2.04,1.53,2.4,,,1.53,2.5,1.51,2.41,1.57,2.46,0.5,1.8,2,,,1.83,2.04,1.74,2,1.87,2.04,3.8,3.75,1.85,3.6,3.75,1.9,3.65,3.9,1.82,3.4,3.8,1.93,3.8,3.9,1.85,3.5,3.6,1.8,3.5,3.6,1.8,,,,4,3.95,1.95,3.66,3.77,1.85,4.3,4,1.91,1.53,2.4,,,1.53,2.45,1.52,2.38,1.58,2.68,0.5,1.98,1.83,,,1.98,1.95,1.87,1.84,2.09,1.89
D2,21/11/2025,17:30,Bochum,Dresden,1,2,A,0,2,A,23,10,4,4,1,10,13,8,0,3,0,0,1.95,3.75,3.6,1.91,3.6,3.6,1.88,3.85,3.5,1.91,3.7,3.6,1.93,3.7,3.7,1.85,3.4,3.4,1.85,3.4,3.4,,,,1.95,3.9,3.7,1.91,3.66,3.56,2,3.9,4,1.65,2.2,,,1.67,2.28,1.62,2.17,1.72,2.32,-0.5,1.93,1.88,,,1.95,1.88,1.86,1.83,2,1.97,1.9,3.5,4,1.91,3.6,3.6,1.88,3.85,3.55,1.85,3.7,3.75,1.93,3.7,3.7,1.85,3.5,3.5,1.85,3.5,3.5,,,,1.95,3.95,4,1.89,3.61,3.68,2,3.8,4.1,1.7,2.1,,,1.7,2.28,1.62,2.17,1.74,2.3,-0.5,1.9,1.9,,,1.91,1.9,1.84,1.85,2,1.99
D2,21/11/2025,17:30,Hertha,Braunschweig,1,0,H,0,0,D,15,15,5,3,14,12,6,5,1,3,0,0,1.62,4,5,1.6,4,5,1.56,4.1,5.3,1.57,4,5.25,1.62,4,5.25,1.57,3.7,4.8,1.57,3.7,4.8,,,,1.62,4.2,5.4,1.59,3.95,5.13,1.66,4.3,5.7,1.73,2.08,,,1.75,2.1,1.69,2.05,1.8,2.2,-1,2.05,1.75,,,2.05,1.83,1.95,1.77,2.12,1.84,1.57,4,5.5,1.53,4,5.5,1.58,4,5.2,1.53,4,5.75,1.57,4,6,1.53,3.7,5.25,1.53,3.7,5.25,,,,1.62,4.1,6,1.56,3.92,5.51,1.64,4.1,6.4,1.8,2,,,1.83,2,1.77,1.95,1.89,2.08,-1,2,1.8,,,2,1.85,1.94,1.77,2.1,1.86
D2,22/11/2025,12:00,Fortuna Dusseldorf,Magdeburg,2,1,H,1,0,H,11,25,5,9,17,10,3,11,4,1,0,0,2.25,3.8,2.88,2.2,3.5,3,2.15,3.7,2.95,2.2,3.7,2.75,2.25,3.75,2.87,2.15,3.5,2.7,2.15,3.5,2.7,,,,2.28,3.8,3,2.21,3.62,2.86,2.34,3.75,3.1,1.5,2.5,,,1.53,2.5,1.5,2.41,1.54,2.6,-0.25,1.98,1.83,,,1.98,1.84,1.88,1.81,2.04,1.9,2.15,3.8,3,2.1,3.75,3,2.15,3.7,2.95,2.1,3.8,3,2.15,3.7,3.1,2.05,3.4,2.9,2.05,3.4,2.9,,,,2.18,3.8,3.1,2.11,3.65,3,2.24,3.85,3.3,1.5,2.5,,,1.52,2.63,1.48,2.48,1.53,2.8,-0.25,1.9,1.9,,,1.9,1.9,1.83,1.85,1.95,2.04
D2,22/11/2025,12:00,Paderborn,Hannover,0,2,A,0,2,A,16,15,4,9,12,5,11,4,0,1,0,0,2.15,3.6,3.1,2.1,3.5,3.1,2.15,3.5,3.1,2.1,3.6,3,2.15,3.75,3,2.1,3.5,2.87,2.1,3.5,2.87,,,,2.2,3.75,3.25,2.12,3.51,3.08,2.2,3.7,3.3,1.62,2.25,,,1.66,2.25,1.61,2.18,1.66,2.34,-0.25,1.85,1.95,,,1.85,1.95,1.82,1.87,1.9,2.02,2.2,3.6,3,2.1,3.5,3.1,2.12,3.6,3.1,2.15,3.6,3,2.15,3.6,3.2,2.05,3.3,3,2.05,3.3,3,,,,2.2,3.7,3.2,2.13,3.51,3.07,2.24,3.75,3.4,1.62,2.25,,,1.65,2.25,1.59,2.21,1.72,2.34,-0.25,1.93,1.88,,,1.93,1.88,1.83,1.86,1.96,2.02
D2,22/11/2025,12:00,Preußen Münster,Schalke 04,0,0,D,0,0,D,5,14,2,6,7,20,4,6,1,5,1,0,3.4,3.3,2.15,3.25,3.25,2.15,3.4,3.35,2.08,3.2,3.25,2.1,3.2,3.4,2.2,3,3.2,2.1,3,3.2,2.1,,,,3.5,3.4,2.2,3.29,3.26,2.12,3.55,3.4,2.26,2.05,1.75,,,2.05,1.8,1.96,1.76,2.1,1.82,0.25,1.95,1.85,,,1.95,1.85,1.91,1.78,2.01,1.93,3.2,3.25,2.25,3.1,3.2,2.25,3.4,3.35,2.08,3.13,3.3,2.2,3.25,3.25,2.25,3.1,3,2.15,3.1,3,2.15,,,,3.45,3.4,2.33,3.19,3.2,2.2,3.35,3.4,2.4,2.03,1.78,,,2.05,1.78,2,1.73,2.14,1.84,0.25,1.85,1.95,,,1.93,1.95,1.86,1.83,1.92,2.06
D2,22/11/2025,19:30,Darmstadt,Greuther Furth,4,2,H,1,1,D,18,14,9,8,13,9,5,2,2,3,0,0,1.55,4.2,5.5,1.53,4.2,5.5,1.58,4.1,4.9,1.53,4.2,5,1.57,4.4,5.25,1.53,4,4.8,1.53,4,4.8,,,,1.62,4.4,5.5,1.55,4.18,5.12,1.58,4.7,5.5,1.53,2.4,,,1.53,2.5,1.5,2.41,1.16,1.59,-1,1.9,1.9,,,1.91,1.9,1.88,1.83,1.86,1.86,1.48,4.5,5.5,1.5,4.33,5.5,1.55,4.2,5.25,1.5,4.4,5.5,1.53,4.6,5.25,1.5,4.2,4.8,1.5,4.2,4.8,,,,1.58,4.6,5.5,1.51,4.33,5.35,1.57,4.8,6,1.5,2.5,,,1.52,2.55,1.5,2.45,1.55,2.74,-1,1.78,2.03,,,1.85,2.03,1.8,1.91,1.91,2.07
D2,23/11/2025,12:30,Kaiserslautern,Holstein Kiel,4,1,H,4,1,H,28,8,9,2,14,16,10,3,2,5,0,1,2.25,3.5,3,2.25,3.4,2.88,2.28,3.45,2.85,2.25,3.5,2.8,2.25,3.7,2.95,2.15,3.4,2.75,2.15,3.4,2.75,,,,2.32,3.7,3,2.25,3.46,2.87,2.32,3.85,3,1.7,2.1,,,1.71,2.15,1.67,2.07,1.7,2.24,-0.25,1.98,1.83,,,1.98,1.83,1.93,1.76,,,2.35,3.4,2.9,2.3,3.4,2.8,2.28,3.45,2.85,2.3,3.5,2.8,2.35,3.6,2.85,2.25,3.4,2.7,2.25,3.4,2.7,,,,2.38,3.6,2.9,2.32,3.44,2.81,2.48,3.65,3.05,1.7,2.1,,,1.71,2.16,1.67,2.08,1.79,2.22,-0.25,2.03,1.78,,,2.03,1.78,1.96,1.74,2.14,1.86
D2,23/11/2025,12:30,Karlsruhe,Elversberg,2,3,A,0,1,A,11,26,4,8,15,13,4,9,3,1,0,0,3.1,3.6,2.15,3,3.5,2.2,2.95,3.65,2.17,2.9,3.6,2.15,3.1,3.9,2.1,2.87,3.6,2.05,2.87,3.6,2.05,,,,3.1,3.9,2.23,2.97,3.59,2.15,3.1,4.1,2.28,1.6,2.3,,,1.62,2.3,1.57,2.26,1.53,2.34,0.25,1.9,1.9,,,1.9,1.9,1.84,1.85,,,3.3,3.4,2.1,3.1,3.4,2.15,2.95,3.55,2.18,3.2,3.5,2.1,3.3,3.5,2.1,3.1,3.25,2.05,3.1,3.25,2.05,,,,3.33,3.6,2.23,3.17,3.42,2.12,3.5,3.6,2.22,1.75,2.05,,,1.75,2.12,1.69,2.05,1.83,2.18,0.25,1.98,1.83,,,1.98,1.86,1.86,1.82,2.05,1.92
D2,23/11/2025,12:30,Nurnberg,Bielefeld,2,0,H,0,0,D,11,16,6,1,12,12,6,13,3,3,0,0,2.3,3.6,2.88,2.3,3.4,2.88,2.28,3.5,2.85,2.3,3.5,2.7,2.35,3.8,2.7,2.25,3.5,2.6,2.25,3.5,2.6,,,,2.35,3.8,2.9,2.29,3.52,2.77,2.4,3.85,2.94,1.62,2.25,,,1.65,2.25,1.62,2.18,1.53,2.28,-0.25,2.03,1.78,,,2.03,1.78,1.96,1.74,,,2.15,3.4,2.8,2.25,3.5,2.88,2.28,3.5,2.85,2.25,3.6,2.88,2.3,3.7,2.8,2.2,3.4,2.7,2.2,3.4,2.7,,,,2.33,3.7,2.95,2.26,3.51,2.84,2.38,3.75,3.05,1.6,2.3,,,1.65,2.3,1.6,2.2,1.7,2.4,-0.25,2,1.8,,,2,1.8,1.93,1.77,2.07,1.9
